lv1_name,lv1_url,lv2_name,lv2_url,lv3_name,lv3_url,category_id,category_url
Nhà Sách Tiki,https://tiki.vn/nha-sach-tiki/c8322,,,,,8322,https://tiki.vn/nha-sach-tiki/c8322
Nhà Sách Tiki,https://tiki.vn/nha-sach-tiki/c8322,English Books,https://tiki.vn/sach-tieng-anh/c320,,,320,https://tiki.vn/sach-tieng-anh/c320
Nhà Sách Tiki,https://tiki.vn/nha-sach-tiki/c8322,Sách tiếng Việt,https://tiki.vn/sach-truyen-tieng-viet/c316,,,316,https://tiki.vn/sach-truyen-tieng-viet/c316
Nhà Sách Tiki,https://tiki.vn/nha-sach-tiki/c8322,Văn phòng phẩm,https://tiki.vn/van-phong-pham-qua-luu-niem/c7741,,,7741,https://tiki.vn/van-phong-pham-qua-luu-niem/c7741
Nhà Sách Tiki,https://tiki.vn/nha-sach-tiki/c8322,Quà lưu niệm,https://tiki.vn/qua-luu-niem/c18328,,,18328,https://tiki.vn/qua-luu-niem/c18328
Nhà Sách Tiki,https://tiki.vn/nha-sach-tiki/c8322,English Books,https://tiki.vn/sach-tieng-anh/c320,Art & Photography,https://tiki.vn/art-photography/c623,623,https://tiki.vn/art-photography/c623
Nhà Sách Tiki,https://tiki.vn/nha-sach-tiki/c8322,English Books,https://tiki.vn/sach-tieng-anh/c320,Biographies & Memoirs,https://tiki.vn/biographies-memoirs/c27,27,https://tiki.vn/biographies-memoirs/c27
Nhà Sách Tiki,https://tiki.vn/nha-sach-tiki/c8322,English Books,https://tiki.vn/sach-tieng-anh/c320,Business & Economics,https://tiki.vn/business-economics/c4,4,https://tiki.vn/business-economics/c4
Nhà Sách Tiki,https://tiki.vn/nha-sach-tiki/c8322,English Books,https://tiki.vn/sach-tieng-anh/c320,How-to - Self Help,https://tiki.vn/self-help/c614,614,https://tiki.vn/self-help/c614
Nhà Sách Tiki,https://tiki.vn/nha-sach-tiki/c8322,English Books,https://tiki.vn/sach-tieng-anh/c320,Children's Books,https://tiki.vn/children-books/c7,7,https://tiki.vn/children-books/c7
Nhà Sách Tiki,https://tiki.vn/nha-sach-tiki/c8322,English Books,https://tiki.vn/sach-tieng-anh/c320,Dictionary,https://tiki.vn/dictionary/c282,282,https://tiki.vn/dictionary/c282
Nhà Sách Tiki,https://tiki.vn/nha-sach-tiki/c8322,English Books,https://tiki.vn/sach-tieng-anh/c320,Education - Teaching,https://tiki.vn/education-teaching/c5308,5308,https://tiki.vn/education-teaching/c5308
Nhà Sách Tiki,https://tiki.vn/nha-sach-tiki/c8322,English Books,https://tiki.vn/sach-tieng-anh/c320,Fiction - Literature,https://tiki.vn/fiction-literature/c9,9,https://tiki.vn/fiction-literature/c9
Nhà Sách Tiki,https://tiki.vn/nha-sach-tiki/c8322,English Books,https://tiki.vn/sach-tieng-anh/c320,Magazines,https://tiki.vn/magazines/c6445,6445,https://tiki.vn/magazines/c6445
Nhà Sách Tiki,https://tiki.vn/nha-sach-tiki/c8322,English Books,https://tiki.vn/sach-tieng-anh/c320,Medical Books,https://tiki.vn/medical-books/c218,218,https://tiki.vn/medical-books/c218
Nhà Sách Tiki,https://tiki.vn/nha-sach-tiki/c8322,English Books,https://tiki.vn/sach-tieng-anh/c320,Parenting & Relationships,https://tiki.vn/parenting-relationships/c28,28,https://tiki.vn/parenting-relationships/c28
Nhà Sách Tiki,https://tiki.vn/nha-sach-tiki/c8322,English Books,https://tiki.vn/sach-tieng-anh/c320,Reference,https://tiki.vn/reference/c5309,5309,https://tiki.vn/reference/c5309
Nhà Sách Tiki,https://tiki.vn/nha-sach-tiki/c8322,English Books,https://tiki.vn/sach-tieng-anh/c320,Science - Technology,https://tiki.vn/science-technology/c269,269,https://tiki.vn/science-technology/c269
Nhà Sách Tiki,https://tiki.vn/nha-sach-tiki/c8322,English Books,https://tiki.vn/sach-tieng-anh/c320,"History, Politics & Social Sciences",https://tiki.vn/history-politics-social-sciences/c632,632,https://tiki.vn/history-politics-social-sciences/c632
Nhà Sách Tiki,https://tiki.vn/nha-sach-tiki/c8322,English Books,https://tiki.vn/sach-tieng-anh/c320,Travel & Holiday,https://tiki.vn/travel-holiday/c32,32,https://tiki.vn/travel-holiday/c32
Nhà Sách Tiki,https://tiki.vn/nha-sach-tiki/c8322,English Books,https://tiki.vn/sach-tieng-anh/c320,"Cookbooks, Food & Wine",https://tiki.vn/cookbooks-food-wine/c21,21,https://tiki.vn/cookbooks-food-wine/c21
Nhà Sách Tiki,https://tiki.vn/nha-sach-tiki/c8322,Sách tiếng Việt,https://tiki.vn/sach-truyen-tieng-viet/c316,Sách văn học,https://tiki.vn/sach-van-hoc/c839,839,https://tiki.vn/sach-van-hoc/c839
Nhà Sách Tiki,https://tiki.vn/nha-sach-tiki/c8322,Sách tiếng Việt,https://tiki.vn/sach-truyen-tieng-viet/c316,Sách kinh tế,https://tiki.vn/sach-kinh-te/c846,846,https://tiki.vn/sach-kinh-te/c846
Nhà Sách Tiki,https://tiki.vn/nha-sach-tiki/c8322,Sách tiếng Việt,https://tiki.vn/sach-truyen-tieng-viet/c316,Sách thiếu nhi,https://tiki.vn/sach-truyen-thieu-nhi/c393,393,https://tiki.vn/sach-truyen-thieu-nhi/c393
Nhà Sách Tiki,https://tiki.vn/nha-sach-tiki/c8322,Sách tiếng Việt,https://tiki.vn/sach-truyen-tieng-viet/c316,Sách kỹ năng sống,https://tiki.vn/sach-ky-nang-song/c870,870,https://tiki.vn/sach-ky-nang-song/c870
Nhà Sách Tiki,https://tiki.vn/nha-sach-tiki/c8322,Sách tiếng Việt,https://tiki.vn/sach-truyen-tieng-viet/c316,Nuôi dạy con,https://tiki.vn/nuoi-day-con/c2527,2527,https://tiki.vn/nuoi-day-con/c2527
Nhà Sách Tiki,https://tiki.vn/nha-sach-tiki/c8322,Sách tiếng Việt,https://tiki.vn/sach-truyen-tieng-viet/c316,Sách Giáo Khoa - Giáo Trình,https://tiki.vn/sach-giao-khoa-giao-trinh/c2321,2321,https://tiki.vn/sach-giao-khoa-giao-trinh/c2321
Nhà Sách Tiki,https://tiki.vn/nha-sach-tiki/c8322,Sách tiếng Việt,https://tiki.vn/sach-truyen-tieng-viet/c316,Sách Học Ngoại Ngữ,https://tiki.vn/ngoai-ngu-tu-dien/c887,887,https://tiki.vn/ngoai-ngu-tu-dien/c887
Nhà Sách Tiki,https://tiki.vn/nha-sach-tiki/c8322,Sách tiếng Việt,https://tiki.vn/sach-truyen-tieng-viet/c316,Sách Tham Khảo,https://tiki.vn/sach-tham-khao/c2320,2320,https://tiki.vn/sach-tham-khao/c2320
Nhà Sách Tiki,https://tiki.vn/nha-sach-tiki/c8322,Sách tiếng Việt,https://tiki.vn/sach-truyen-tieng-viet/c316,Từ Điển,https://tiki.vn/tu-dien/c897,897,https://tiki.vn/tu-dien/c897
Nhà Sách Tiki,https://tiki.vn/nha-sach-tiki/c8322,Sách tiếng Việt,https://tiki.vn/sach-truyen-tieng-viet/c316,Sách Kiến Thức Tổng Hợp,https://tiki.vn/sach-kien-thuc-tong-hop/c873,873,https://tiki.vn/sach-kien-thuc-tong-hop/c873
Nhà Sách Tiki,https://tiki.vn/nha-sach-tiki/c8322,Sách tiếng Việt,https://tiki.vn/sach-truyen-tieng-viet/c316,Sách Khoa Học - Kỹ Thuật,https://tiki.vn/khoa-hoc-ky-thuat/c879,879,https://tiki.vn/khoa-hoc-ky-thuat/c879
Nhà Sách Tiki,https://tiki.vn/nha-sach-tiki/c8322,Sách tiếng Việt,https://tiki.vn/sach-truyen-tieng-viet/c316,Sách Lịch sử,https://tiki.vn/lich-su-dia-ly/c880,880,https://tiki.vn/lich-su-dia-ly/c880
Nhà Sách Tiki,https://tiki.vn/nha-sach-tiki/c8322,Sách tiếng Việt,https://tiki.vn/sach-truyen-tieng-viet/c316,Điện Ảnh - Nhạc - Họa,https://tiki.vn/dien-anh-nhac-hoa/c881,881,https://tiki.vn/dien-anh-nhac-hoa/c881
Nhà Sách Tiki,https://tiki.vn/nha-sach-tiki/c8322,Sách tiếng Việt,https://tiki.vn/sach-truyen-tieng-viet/c316,"Truyện Tranh, Manga, Comic",https://tiki.vn/truyen-tranh/c1084,1084,https://tiki.vn/truyen-tranh/c1084
Nhà Sách Tiki,https://tiki.vn/nha-sach-tiki/c8322,Sách tiếng Việt,https://tiki.vn/sach-truyen-tieng-viet/c316,Sách Tôn Giáo - Tâm Linh,https://tiki.vn/ton-giao-tam-linh/c861,861,https://tiki.vn/ton-giao-tam-linh/c861
Nhà Sách Tiki,https://tiki.vn/nha-sach-tiki/c8322,Sách tiếng Việt,https://tiki.vn/sach-truyen-tieng-viet/c316,Sách Văn Hóa - Địa Lý - Du Lịch,https://tiki.vn/sach-van-hoa-dia-ly-du-lich/c857,857,https://tiki.vn/sach-van-hoa-dia-ly-du-lich/c857
Nhà Sách Tiki,https://tiki.vn/nha-sach-tiki/c8322,Sách tiếng Việt,https://tiki.vn/sach-truyen-tieng-viet/c316,Sách Chính Trị - Pháp Lý,https://tiki.vn/chinh-tri-phap-ly/c875,875,https://tiki.vn/chinh-tri-phap-ly/c875
Nhà Sách Tiki,https://tiki.vn/nha-sach-tiki/c8322,Sách tiếng Việt,https://tiki.vn/sach-truyen-tieng-viet/c316,Sách Nông - Lâm - Ngư Nghiệp,https://tiki.vn/nong-lam-ngu-nghiep/c882,882,https://tiki.vn/nong-lam-ngu-nghiep/c882
Nhà Sách Tiki,https://tiki.vn/nha-sach-tiki/c8322,Sách tiếng Việt,https://tiki.vn/sach-truyen-tieng-viet/c316,Sách Công Nghệ Thông Tin,https://tiki.vn/cong-nghe-thong-tin/c876,876,https://tiki.vn/cong-nghe-thong-tin/c876
Nhà Sách Tiki,https://tiki.vn/nha-sach-tiki/c8322,Sách tiếng Việt,https://tiki.vn/sach-truyen-tieng-viet/c316,Sách Y Học,https://tiki.vn/y-hoc/c885,885,https://tiki.vn/y-hoc/c885
Nhà Sách Tiki,https://tiki.vn/nha-sach-tiki/c8322,Sách tiếng Việt,https://tiki.vn/sach-truyen-tieng-viet/c316,Tạp Chí - Catalogue,https://tiki.vn/tap-chi-catalogue/c1468,1468,https://tiki.vn/tap-chi-catalogue/c1468
Nhà Sách Tiki,https://tiki.vn/nha-sach-tiki/c8322,Sách tiếng Việt,https://tiki.vn/sach-truyen-tieng-viet/c316,Sách Tâm lý - Giới tính,https://tiki.vn/tam-ly-gioi-tinh/c868,868,https://tiki.vn/tam-ly-gioi-tinh/c868
Nhà Sách Tiki,https://tiki.vn/nha-sach-tiki/c8322,Sách tiếng Việt,https://tiki.vn/sach-truyen-tieng-viet/c316,Sách Thường Thức - Gia Đình,https://tiki.vn/sach-thuong-thuc-gia-dinh/c862,862,https://tiki.vn/sach-thuong-thuc-gia-dinh/c862
Nhà Sách Tiki,https://tiki.vn/nha-sach-tiki/c8322,Sách tiếng Việt,https://tiki.vn/sach-truyen-tieng-viet/c316,Thể Dục - Thể Thao,https://tiki.vn/the-duc-the-thao/c6905,6905,https://tiki.vn/the-duc-the-thao/c6905
Nhà Sách Tiki,https://tiki.vn/nha-sach-tiki/c8322,Văn phòng phẩm,https://tiki.vn/van-phong-pham-qua-luu-niem/c7741,Dụng Cụ Văn Phòng,https://tiki.vn/thiet-bi-van-phong/c1862,1862,https://tiki.vn/thiet-bi-van-phong/c1862
Nhà Sách Tiki,https://tiki.vn/nha-sach-tiki/c8322,Văn phòng phẩm,https://tiki.vn/van-phong-pham-qua-luu-niem/c7741,Bút - Viết các loại,https://tiki.vn/vpp-but-viet/c1858,1858,https://tiki.vn/vpp-but-viet/c1858
Nhà Sách Tiki,https://tiki.vn/nha-sach-tiki/c8322,Văn phòng phẩm,https://tiki.vn/van-phong-pham-qua-luu-niem/c7741,Bút Chì Màu - Bút Lông Màu - Sáp Màu,https://tiki.vn/but-mau-but-sap/c2538,2538,https://tiki.vn/but-mau-but-sap/c2538
Nhà Sách Tiki,https://tiki.vn/nha-sach-tiki/c8322,Văn phòng phẩm,https://tiki.vn/van-phong-pham-qua-luu-niem/c7741,Dụng Cụ Học Sinh,https://tiki.vn/dung-cu-hoc-sinh/c2365,2365,https://tiki.vn/dung-cu-hoc-sinh/c2365
Nhà Sách Tiki,https://tiki.vn/nha-sach-tiki/c8322,Văn phòng phẩm,https://tiki.vn/van-phong-pham-qua-luu-niem/c7741,Flashcards,https://tiki.vn/flashcard-hoc/c1910,1910,https://tiki.vn/flashcard-hoc/c1910
Nhà Sách Tiki,https://tiki.vn/nha-sach-tiki/c8322,Văn phòng phẩm,https://tiki.vn/van-phong-pham-qua-luu-niem/c7741,Sổ Tay Các Loại,https://tiki.vn/so-tay-so-ghi-chep/c1899,1899,https://tiki.vn/so-tay-so-ghi-chep/c1899
Nhà Sách Tiki,https://tiki.vn/nha-sach-tiki/c8322,Văn phòng phẩm,https://tiki.vn/van-phong-pham-qua-luu-niem/c7741,Tập vở các loại,https://tiki.vn/tap-vo-cac-loai/c1907,1907,https://tiki.vn/tap-vo-cac-loai/c1907
Nhà Sách Tiki,https://tiki.vn/nha-sach-tiki/c8322,Văn phòng phẩm,https://tiki.vn/van-phong-pham-qua-luu-niem/c7741,Văn Hóa Phẩm,https://tiki.vn/cd-dvd/c2333,2333,https://tiki.vn/cd-dvd/c2333
Nhà Sách Tiki,https://tiki.vn/nha-sach-tiki/c8322,Văn phòng phẩm,https://tiki.vn/van-phong-pham-qua-luu-niem/c7741,Thiết Bị Giáo Dục Trường Học,https://tiki.vn/thiet-bi-giao-duc-truong-hoc/c6210,6210,https://tiki.vn/thiet-bi-giao-duc-truong-hoc/c6210
Nhà Sách Tiki,https://tiki.vn/nha-sach-tiki/c8322,Văn phòng phẩm,https://tiki.vn/van-phong-pham-qua-luu-niem/c7741,Balo Học Sinh - Cặp học sinh,https://tiki.vn/balo-hoc-sinh-cap-hoc-sinh/c5674,5674,https://tiki.vn/balo-hoc-sinh-cap-hoc-sinh/c5674
Nhà Sách Tiki,https://tiki.vn/nha-sach-tiki/c8322,Văn phòng phẩm,https://tiki.vn/van-phong-pham-qua-luu-niem/c7741,Máy Tính Điện Tử,https://tiki.vn/may-tinh-dien-tu/c2452,2452,https://tiki.vn/may-tinh-dien-tu/c2452
Nhà Sách Tiki,https://tiki.vn/nha-sach-tiki/c8322,Văn phòng phẩm,https://tiki.vn/van-phong-pham-qua-luu-niem/c7741,Lịch,https://tiki.vn/lich/c3892,3892,https://tiki.vn/lich/c3892
Nhà Sách Tiki,https://tiki.vn/nha-sach-tiki/c8322,Văn phòng phẩm,https://tiki.vn/van-phong-pham-qua-luu-niem/c7741,Bút Kỹ Thuật,https://tiki.vn/but-ky-thuat/c16458,16458,https://tiki.vn/but-ky-thuat/c16458
Nhà Sách Tiki,https://tiki.vn/nha-sach-tiki/c8322,Văn phòng phẩm,https://tiki.vn/van-phong-pham-qua-luu-niem/c7741,Sản phẩm về giấy,https://tiki.vn/san-pham-ve-giay/c2368,2368,https://tiki.vn/san-pham-ve-giay/c2368
Nhà Sách Tiki,https://tiki.vn/nha-sach-tiki/c8322,Văn phòng phẩm,https://tiki.vn/van-phong-pham-qua-luu-niem/c7741,Thiết bị văn phòng,https://tiki.vn/thiet-bi-van-phong/c18398,18398,https://tiki.vn/thiet-bi-van-phong/c18398
Nhà Sách Tiki,https://tiki.vn/nha-sach-tiki/c8322,Văn phòng phẩm,https://tiki.vn/van-phong-pham-qua-luu-niem/c7741,Phấn - Bảng viết - Lau bảng,https://tiki.vn/phan-bang-viet-lau-bang/c18378,18378,https://tiki.vn/phan-bang-viet-lau-bang/c18378
Nhà Sách Tiki,https://tiki.vn/nha-sach-tiki/c8322,Quà lưu niệm,https://tiki.vn/qua-luu-niem/c18328,Thú Nhồi Bông,https://tiki.vn/thu-bong/c4624,4624,https://tiki.vn/thu-bong/c4624
Nhà Sách Tiki,https://tiki.vn/nha-sach-tiki/c8322,Quà lưu niệm,https://tiki.vn/qua-luu-niem/c18328,Bookmark,https://tiki.vn/bookmark/c6225,6225,https://tiki.vn/bookmark/c6225
Nhà Sách Tiki,https://tiki.vn/nha-sach-tiki/c8322,Quà lưu niệm,https://tiki.vn/qua-luu-niem/c18328,Bưu ảnh - Postcard,https://tiki.vn/buu-anh-postcard/c6541,6541,https://tiki.vn/buu-anh-postcard/c6541
Nhà Sách Tiki,https://tiki.vn/nha-sach-tiki/c8322,Quà lưu niệm,https://tiki.vn/qua-luu-niem/c18328,Quà tặng trang sức,https://tiki.vn/qua-tang-trang-suc/c18330,18330,https://tiki.vn/qua-tang-trang-suc/c18330
Nhà Sách Tiki,https://tiki.vn/nha-sach-tiki/c8322,Quà lưu niệm,https://tiki.vn/qua-luu-niem/c18328,Album,https://tiki.vn/album/c8264,8264,https://tiki.vn/album/c8264
Nhà Sách Tiki,https://tiki.vn/nha-sach-tiki/c8322,Quà lưu niệm,https://tiki.vn/qua-luu-niem/c18328,Mô hình trang trí,https://tiki.vn/mo-hinh-trang-tri/c18332,18332,https://tiki.vn/mo-hinh-trang-tri/c18332
Nhà Sách Tiki,https://tiki.vn/nha-sach-tiki/c8322,Quà lưu niệm,https://tiki.vn/qua-luu-niem/c18328,Sticker - Decal trang trí,https://tiki.vn/sticker-decal-trang-tri/c18334,18334,https://tiki.vn/sticker-decal-trang-tri/c18334
Nhà Sách Tiki,https://tiki.vn/nha-sach-tiki/c8322,Quà lưu niệm,https://tiki.vn/qua-luu-niem/c18328,Ly - Cốc,https://tiki.vn/ly-coc/c6246,6246,https://tiki.vn/ly-coc/c6246
Nhà Sách Tiki,https://tiki.vn/nha-sach-tiki/c8322,Quà lưu niệm,https://tiki.vn/qua-luu-niem/c18328,Kẹp Ảnh Gỗ,https://tiki.vn/kep-anh-go/c6226,6226,https://tiki.vn/kep-anh-go/c6226
Nhà Sách Tiki,https://tiki.vn/nha-sach-tiki/c8322,Quà lưu niệm,https://tiki.vn/qua-luu-niem/c18328,Hộp quà,https://tiki.vn/hop-qua/c18346,18346,https://tiki.vn/hop-qua/c18346
Nhà Sách Tiki,https://tiki.vn/nha-sach-tiki/c8322,Quà lưu niệm,https://tiki.vn/qua-luu-niem/c18328,Tượng,https://tiki.vn/tuong/c6215,6215,https://tiki.vn/tuong/c6215
Nhà Sách Tiki,https://tiki.vn/nha-sach-tiki/c8322,Quà lưu niệm,https://tiki.vn/qua-luu-niem/c18328,Móc Khóa,https://tiki.vn/moc-khoa/c8265,8265,https://tiki.vn/moc-khoa/c8265
Nhà Sách Tiki,https://tiki.vn/nha-sach-tiki/c8322,Quà lưu niệm,https://tiki.vn/qua-luu-niem/c18328,Quả Cầu Tuyết,https://tiki.vn/qua-cau-tuyet/c6213,6213,https://tiki.vn/qua-cau-tuyet/c6213
Nhà Sách Tiki,https://tiki.vn/nha-sach-tiki/c8322,Quà lưu niệm,https://tiki.vn/qua-luu-niem/c18328,Hộp Nhạc,https://tiki.vn/hop-nhac/c6214,6214,https://tiki.vn/hop-nhac/c6214
Nhà Sách Tiki,https://tiki.vn/nha-sach-tiki/c8322,Quà lưu niệm,https://tiki.vn/qua-luu-niem/c18328,Phụ kiện - Vật liệu trang trí,https://tiki.vn/phu-kien-vat-lieu-trang-tri/c18342,18342,https://tiki.vn/phu-kien-vat-lieu-trang-tri/c18342
Nhà Sách Tiki,https://tiki.vn/nha-sach-tiki/c8322,Quà lưu niệm,https://tiki.vn/qua-luu-niem/c18328,Quà tặng trang trí khác,https://tiki.vn/qua-tang-trang-tri-khac/c18344,18344,https://tiki.vn/qua-tang-trang-tri-khac/c18344
Nhà Sách Tiki,https://tiki.vn/nha-sach-tiki/c8322,Quà lưu niệm,https://tiki.vn/qua-luu-niem/c18328,Gương mini,https://tiki.vn/guong-mini/c25706,25706,https://tiki.vn/guong-mini/c25706
Nhà Sách Tiki,https://tiki.vn/nha-sach-tiki/c8322,Quà lưu niệm,https://tiki.vn/qua-luu-niem/c18328,Khung hình,https://tiki.vn/khung-hinh/c68202,68202,https://tiki.vn/khung-hinh/c68202
Nhà Sách Tiki,https://tiki.vn/nha-sach-tiki/c8322,Quà lưu niệm,https://tiki.vn/qua-luu-niem/c18328,Thiệp,https://tiki.vn/thiep/c68205,68205,https://tiki.vn/thiep/c68205
Nhà Sách Tiki,https://tiki.vn/nha-sach-tiki/c8322,Quà lưu niệm,https://tiki.vn/qua-luu-niem/c18328,Túi Quà,https://tiki.vn/tui-qua/c68208,68208,https://tiki.vn/tui-qua/c68208
Nhà Cửa - Đời Sống,https://tiki.vn/nha-cua-doi-song/c1883,,,,,1883,https://tiki.vn/nha-cua-doi-song/c1883
Nhà Cửa - Đời Sống,https://tiki.vn/nha-cua-doi-song/c1883,Dụng cụ nhà bếp,https://tiki.vn/nha-bep/c1951,,,1951,https://tiki.vn/nha-bep/c1951
Nhà Cửa - Đời Sống,https://tiki.vn/nha-cua-doi-song/c1883,Đồ dùng phòng ăn,https://tiki.vn/phong-an/c1954,,,1954,https://tiki.vn/phong-an/c1954
Nhà Cửa - Đời Sống,https://tiki.vn/nha-cua-doi-song/c1883,Nội thất,https://tiki.vn/noi-that/c2150,,,2150,https://tiki.vn/noi-that/c2150
Nhà Cửa - Đời Sống,https://tiki.vn/nha-cua-doi-song/c1883,Đồ dùng phòng ngủ,https://tiki.vn/do-dung-phong-ngu/c8313,,,8313,https://tiki.vn/do-dung-phong-ngu/c8313
Nhà Cửa - Đời Sống,https://tiki.vn/nha-cua-doi-song/c1883,Trang trí nhà cửa,https://tiki.vn/trang-tri-nha-cua/c1973,,,1973,https://tiki.vn/trang-tri-nha-cua/c1973
Nhà Cửa - Đời Sống,https://tiki.vn/nha-cua-doi-song/c1883,Đèn & thiết bị chiếu sáng,https://tiki.vn/den-thiet-bi-chieu-sang/c2015,,,2015,https://tiki.vn/den-thiet-bi-chieu-sang/c2015
Nhà Cửa - Đời Sống,https://tiki.vn/nha-cua-doi-song/c1883,Ngoài trời & sân vườn,https://tiki.vn/ngoai-troi-san-vuon/c2223,,,2223,https://tiki.vn/ngoai-troi-san-vuon/c2223
Nhà Cửa - Đời Sống,https://tiki.vn/nha-cua-doi-song/c1883,Đồ dùng và thiết bị nhà tắm,https://tiki.vn/do-dung-va-thiet-bi-nha-tam/c1966,,,1966,https://tiki.vn/do-dung-va-thiet-bi-nha-tam/c1966
Nhà Cửa - Đời Sống,https://tiki.vn/nha-cua-doi-song/c1883,Sửa chữa nhà cửa,https://tiki.vn/sua-chua-nha-cua/c1974,,,1974,https://tiki.vn/sua-chua-nha-cua/c1974
Nhà Cửa - Đời Sống,https://tiki.vn/nha-cua-doi-song/c1883,Nhạc cụ,https://tiki.vn/nhac-cu/c10068,,,10068,https://tiki.vn/nhac-cu/c10068
Nhà Cửa - Đời Sống,https://tiki.vn/nha-cua-doi-song/c1883,Đồ thờ cúng,https://tiki.vn/do-tho-cung/c23054,,,23054,https://tiki.vn/do-tho-cung/c23054
Nhà Cửa - Đời Sống,https://tiki.vn/nha-cua-doi-song/c1883,Dụng cụ & Thiết bị tiện ích,https://tiki.vn/dung-cu-thiet-bi-tien-ich/c53050,,,53050,https://tiki.vn/dung-cu-thiet-bi-tien-ich/c53050
Nhà Cửa - Đời Sống,https://tiki.vn/nha-cua-doi-song/c1883,Dụng cụ nhà bếp,https://tiki.vn/nha-bep/c1951,Ấm nước các loại,https://tiki.vn/am-dun-nuoc/c1934,1934,https://tiki.vn/am-dun-nuoc/c1934
Nhà Cửa - Đời Sống,https://tiki.vn/nha-cua-doi-song/c1883,Dụng cụ nhà bếp,https://tiki.vn/nha-bep/c1951,Dụng cụ chứa đựng thực phẩm,https://tiki.vn/dung-cu-chua-dung-thuc-pham/c23128,23128,https://tiki.vn/dung-cu-chua-dung-thuc-pham/c23128
Nhà Cửa - Đời Sống,https://tiki.vn/nha-cua-doi-song/c1883,Dụng cụ nhà bếp,https://tiki.vn/nha-bep/c1951,"Dao, kéo và phụ kiện",https://tiki.vn/dao-keo-va-phu-kien/c8319,8319,https://tiki.vn/dao-keo-va-phu-kien/c8319
Nhà Cửa - Đời Sống,https://tiki.vn/nha-cua-doi-song/c1883,Dụng cụ nhà bếp,https://tiki.vn/nha-bep/c1951,Dụng cụ làm bánh,https://tiki.vn/dung-cu-lam-banh/c5433,5433,https://tiki.vn/dung-cu-lam-banh/c5433
Nhà Cửa - Đời Sống,https://tiki.vn/nha-cua-doi-song/c1883,Dụng cụ nhà bếp,https://tiki.vn/nha-bep/c1951,Kệ nhà bếp,https://tiki.vn/ke-nha-bep/c6305,6305,https://tiki.vn/ke-nha-bep/c6305
Nhà Cửa - Đời Sống,https://tiki.vn/nha-cua-doi-song/c1883,Dụng cụ nhà bếp,https://tiki.vn/nha-bep/c1951,"Bếp nướng, vỉ nướng",https://tiki.vn/bep-nuong-vi-nuong/c11808,11808,https://tiki.vn/bep-nuong-vi-nuong/c11808
Nhà Cửa - Đời Sống,https://tiki.vn/nha-cua-doi-song/c1883,Dụng cụ nhà bếp,https://tiki.vn/nha-bep/c1951,Phụ kiện nhà bếp,https://tiki.vn/phu-kien-nha-bep/c1986,1986,https://tiki.vn/phu-kien-nha-bep/c1986
Nhà Cửa - Đời Sống,https://tiki.vn/nha-cua-doi-song/c1883,Dụng cụ nhà bếp,https://tiki.vn/nha-bep/c1951,Nồi và chảo,https://tiki.vn/noi-va-chao/c53052,53052,https://tiki.vn/noi-va-chao/c53052
Nhà Cửa - Đời Sống,https://tiki.vn/nha-cua-doi-song/c1883,Dụng cụ nhà bếp,https://tiki.vn/nha-bep/c1951,Bộ hộp cơm và phụ kiện,https://tiki.vn/bo-hop-com-va-phu-kien/c68034,68034,https://tiki.vn/bo-hop-com-va-phu-kien/c68034
Nhà Cửa - Đời Sống,https://tiki.vn/nha-cua-doi-song/c1883,Dụng cụ nhà bếp,https://tiki.vn/nha-bep/c1951,Thùng đựng gạo,https://tiki.vn/thung-dung-gao/c23132,23132,https://tiki.vn/thung-dung-gao/c23132
Nhà Cửa - Đời Sống,https://tiki.vn/nha-cua-doi-song/c1883,Dụng cụ nhà bếp,https://tiki.vn/nha-bep/c1951,Nắp đậy và phụ kiện dùng cho lò vi sóng,https://tiki.vn/nap-day-va-phu-kien-dung-cho-lo-vi-song/c69962,69962,https://tiki.vn/nap-day-va-phu-kien-dung-cho-lo-vi-song/c69962
Nhà Cửa - Đời Sống,https://tiki.vn/nha-cua-doi-song/c1883,Dụng cụ nhà bếp,https://tiki.vn/nha-bep/c1951,Giấy thấm dầu ăn,https://tiki.vn/giay-tham-dau-an/c70058,70058,https://tiki.vn/giay-tham-dau-an/c70058
Nhà Cửa - Đời Sống,https://tiki.vn/nha-cua-doi-song/c1883,Đồ dùng phòng ăn,https://tiki.vn/phong-an/c1954,"Bình lọc, lõi lọc, thiết bị lọc nước",https://tiki.vn/binh-loc-loi-loc-thiet-bi-loc-nuoc/c2014,2014,https://tiki.vn/binh-loc-loi-loc-thiet-bi-loc-nuoc/c2014
Nhà Cửa - Đời Sống,https://tiki.vn/nha-cua-doi-song/c1883,Đồ dùng phòng ăn,https://tiki.vn/phong-an/c1954,"Bình, ly uống trà và phụ kiện",https://tiki.vn/binh-ly-uong-tra-va-phu-kien/c3990,3990,https://tiki.vn/binh-ly-uong-tra-va-phu-kien/c3990
Nhà Cửa - Đời Sống,https://tiki.vn/nha-cua-doi-song/c1883,Đồ dùng phòng ăn,https://tiki.vn/phong-an/c1954,"Bình, ly uống cà phê và phụ kiện",https://tiki.vn/binh-ly-uong-ca-phe-va-phu-kien/c23304,23304,https://tiki.vn/binh-ly-uong-ca-phe-va-phu-kien/c23304
Nhà Cửa - Đời Sống,https://tiki.vn/nha-cua-doi-song/c1883,Đồ dùng phòng ăn,https://tiki.vn/phong-an/c1954,"Ly, cốc & phụ kiện ly",https://tiki.vn/ly-coc-phu-kien-ly/c3177,3177,https://tiki.vn/ly-coc-phu-kien-ly/c3177
Nhà Cửa - Đời Sống,https://tiki.vn/nha-cua-doi-song/c1883,Đồ dùng phòng ăn,https://tiki.vn/phong-an/c1954,"Đũa, muỗng, nĩa",https://tiki.vn/dua-muong-nia/c3179,3179,https://tiki.vn/dua-muong-nia/c3179
Nhà Cửa - Đời Sống,https://tiki.vn/nha-cua-doi-song/c1883,Đồ dùng phòng ăn,https://tiki.vn/phong-an/c1954,Dụng cụ pha chế,https://tiki.vn/dung-cu-pha-che/c23322,23322,https://tiki.vn/dung-cu-pha-che/c23322
Nhà Cửa - Đời Sống,https://tiki.vn/nha-cua-doi-song/c1883,Đồ dùng phòng ăn,https://tiki.vn/phong-an/c1954,Phụ kiện phòng ăn,https://tiki.vn/phu-kien-phong-an/c3180,3180,https://tiki.vn/phu-kien-phong-an/c3180
Nhà Cửa - Đời Sống,https://tiki.vn/nha-cua-doi-song/c1883,Đồ dùng phòng ăn,https://tiki.vn/phong-an/c1954,"Tô, chén, dĩa",https://tiki.vn/to-chen-dia/c3178,3178,https://tiki.vn/to-chen-dia/c3178
Nhà Cửa - Đời Sống,https://tiki.vn/nha-cua-doi-song/c1883,Đồ dùng phòng ăn,https://tiki.vn/phong-an/c1954,Bình đựng nước,https://tiki.vn/binh-dung-nuoc/c23282,23282,https://tiki.vn/binh-dung-nuoc/c23282
Nhà Cửa - Đời Sống,https://tiki.vn/nha-cua-doi-song/c1883,Đồ dùng phòng ăn,https://tiki.vn/phong-an/c1954,Bình/ Ly giữ nhiệt,https://tiki.vn/binh-ly-giu-nhiet/c67834,67834,https://tiki.vn/binh-ly-giu-nhiet/c67834
Nhà Cửa - Đời Sống,https://tiki.vn/nha-cua-doi-song/c1883,Nội thất,https://tiki.vn/noi-that/c2150,Nội thất phòng khách,https://tiki.vn/noi-that-phong-khach/c23570,23570,https://tiki.vn/noi-that-phong-khach/c23570
Nhà Cửa - Đời Sống,https://tiki.vn/nha-cua-doi-song/c1883,Nội thất,https://tiki.vn/noi-that/c2150,Nội thất phòng ngủ,https://tiki.vn/noi-that-phong-ngu/c23598,23598,https://tiki.vn/noi-that-phong-ngu/c23598
Nhà Cửa - Đời Sống,https://tiki.vn/nha-cua-doi-song/c1883,Nội thất,https://tiki.vn/noi-that/c2150,Nội thất phòng ăn,https://tiki.vn/noi-that-phong-an/c23636,23636,https://tiki.vn/noi-that-phong-an/c23636
Nhà Cửa - Đời Sống,https://tiki.vn/nha-cua-doi-song/c1883,Nội thất,https://tiki.vn/noi-that/c2150,"Nội thất phòng học, làm việc",https://tiki.vn/noi-that-phong-hoc-lam-viec/c23654,23654,https://tiki.vn/noi-that-phong-hoc-lam-viec/c23654
Nhà Cửa - Đời Sống,https://tiki.vn/nha-cua-doi-song/c1883,Nội thất,https://tiki.vn/noi-that/c2150,Nội thất trẻ em,https://tiki.vn/noi-that-tre-em/c23662,23662,https://tiki.vn/noi-that-tre-em/c23662
Nhà Cửa - Đời Sống,https://tiki.vn/nha-cua-doi-song/c1883,Nội thất,https://tiki.vn/noi-that/c2150,Nội thất khác,https://tiki.vn/noi-that-khac/c23678,23678,https://tiki.vn/noi-that-khac/c23678
Nhà Cửa - Đời Sống,https://tiki.vn/nha-cua-doi-song/c1883,Đồ dùng phòng ngủ,https://tiki.vn/do-dung-phong-ngu/c8313,"Bộ ga, ra, drap",https://tiki.vn/bo-ga-ra-drap/c23346,23346,https://tiki.vn/bo-ga-ra-drap/c23346
Nhà Cửa - Đời Sống,https://tiki.vn/nha-cua-doi-song/c1883,Đồ dùng phòng ngủ,https://tiki.vn/do-dung-phong-ngu/c8313,"Chăn, mền và phụ kiện",https://tiki.vn/chan-men-va-phu-kien/c23352,23352,https://tiki.vn/chan-men-va-phu-kien/c23352
Nhà Cửa - Đời Sống,https://tiki.vn/nha-cua-doi-song/c1883,Đồ dùng phòng ngủ,https://tiki.vn/do-dung-phong-ngu/c8313,"Gối, ruột gối, vỏ gối",https://tiki.vn/ruot-goi-ruot-chan/c6724,6724,https://tiki.vn/ruot-goi-ruot-chan/c6724
Nhà Cửa - Đời Sống,https://tiki.vn/nha-cua-doi-song/c1883,Đồ dùng phòng ngủ,https://tiki.vn/do-dung-phong-ngu/c8313,Nệm và phụ kiện,https://tiki.vn/nem-va-phu-kien/c6723,6723,https://tiki.vn/nem-va-phu-kien/c6723
Nhà Cửa - Đời Sống,https://tiki.vn/nha-cua-doi-song/c1883,Đồ dùng phòng ngủ,https://tiki.vn/do-dung-phong-ngu/c8313,Phụ kiện phòng ngủ,https://tiki.vn/phu-kien-phong-ngu/c8314,8314,https://tiki.vn/phu-kien-phong-ngu/c8314
Nhà Cửa - Đời Sống,https://tiki.vn/nha-cua-doi-song/c1883,Trang trí nhà cửa,https://tiki.vn/trang-tri-nha-cua/c1973,Decal & giấy dán tường,https://tiki.vn/decal-giay-dan-tuong/c3710,3710,https://tiki.vn/decal-giay-dan-tuong/c3710
Nhà Cửa - Đời Sống,https://tiki.vn/nha-cua-doi-song/c1883,Trang trí nhà cửa,https://tiki.vn/trang-tri-nha-cua/c1973,Decal & giấy dán kính,https://tiki.vn/decal-giay-dan-kinh/c23778,23778,https://tiki.vn/decal-giay-dan-kinh/c23778
Nhà Cửa - Đời Sống,https://tiki.vn/nha-cua-doi-song/c1883,Trang trí nhà cửa,https://tiki.vn/trang-tri-nha-cua/c1973,Đồng hồ,https://tiki.vn/dong-ho/c1980,1980,https://tiki.vn/dong-ho/c1980
Nhà Cửa - Đời Sống,https://tiki.vn/nha-cua-doi-song/c1883,Trang trí nhà cửa,https://tiki.vn/trang-tri-nha-cua/c1973,Tranh trang trí,https://tiki.vn/tranh-trang-tri/c11222,11222,https://tiki.vn/tranh-trang-tri/c11222
Nhà Cửa - Đời Sống,https://tiki.vn/nha-cua-doi-song/c1883,Trang trí nhà cửa,https://tiki.vn/trang-tri-nha-cua/c1973,Trang trí nhà cửa khác,https://tiki.vn/trang-tri-nha-cua-khac/c23806,23806,https://tiki.vn/trang-tri-nha-cua-khac/c23806
Nhà Cửa - Đời Sống,https://tiki.vn/nha-cua-doi-song/c1883,Trang trí nhà cửa,https://tiki.vn/trang-tri-nha-cua/c1973,Vật phẩm phong thủy,https://tiki.vn/vat-pham-phong-thuy/c5848,5848,https://tiki.vn/vat-pham-phong-thuy/c5848
Nhà Cửa - Đời Sống,https://tiki.vn/nha-cua-doi-song/c1883,Đèn & thiết bị chiếu sáng,https://tiki.vn/den-thiet-bi-chieu-sang/c2015,Đèn pin,https://tiki.vn/den-pin/c2018,2018,https://tiki.vn/den-pin/c2018
Nhà Cửa - Đời Sống,https://tiki.vn/nha-cua-doi-song/c1883,Đèn & thiết bị chiếu sáng,https://tiki.vn/den-thiet-bi-chieu-sang/c2015,Đèn ngủ,https://tiki.vn/den-ngu/c2019,2019,https://tiki.vn/den-ngu/c2019
Nhà Cửa - Đời Sống,https://tiki.vn/nha-cua-doi-song/c1883,Đèn & thiết bị chiếu sáng,https://tiki.vn/den-thiet-bi-chieu-sang/c2015,Đèn ngoài trời,https://tiki.vn/den-ngoai-troi/c23236,23236,https://tiki.vn/den-ngoai-troi/c23236
Nhà Cửa - Đời Sống,https://tiki.vn/nha-cua-doi-song/c1883,Đèn & thiết bị chiếu sáng,https://tiki.vn/den-thiet-bi-chieu-sang/c2015,Đèn trần,https://tiki.vn/den-tran/c23238,23238,https://tiki.vn/den-tran/c23238
Nhà Cửa - Đời Sống,https://tiki.vn/nha-cua-doi-song/c1883,Đèn & thiết bị chiếu sáng,https://tiki.vn/den-thiet-bi-chieu-sang/c2015,Đèn cảm ứng,https://tiki.vn/den-cam-ung/c23242,23242,https://tiki.vn/den-cam-ung/c23242
Nhà Cửa - Đời Sống,https://tiki.vn/nha-cua-doi-song/c1883,Đèn & thiết bị chiếu sáng,https://tiki.vn/den-thiet-bi-chieu-sang/c2015,Đèn khác,https://tiki.vn/den-khac/c23246,23246,https://tiki.vn/den-khac/c23246
Nhà Cửa - Đời Sống,https://tiki.vn/nha-cua-doi-song/c1883,Đèn & thiết bị chiếu sáng,https://tiki.vn/den-thiet-bi-chieu-sang/c2015,Đèn diệt côn trùng,https://tiki.vn/den-diet-con-trung/c2020,2020,https://tiki.vn/den-diet-con-trung/c2020
Nhà Cửa - Đời Sống,https://tiki.vn/nha-cua-doi-song/c1883,Đèn & thiết bị chiếu sáng,https://tiki.vn/den-thiet-bi-chieu-sang/c2015,"Đèn xông tinh dầu, tinh dầu và phụ kiện",https://tiki.vn/den-xong-tinh-dau-tinh-dau-va-phu-kien/c23802,23802,https://tiki.vn/den-xong-tinh-dau-tinh-dau-va-phu-kien/c23802
Nhà Cửa - Đời Sống,https://tiki.vn/nha-cua-doi-song/c1883,Đèn & thiết bị chiếu sáng,https://tiki.vn/den-thiet-bi-chieu-sang/c2015,Đèn học và đọc sách,https://tiki.vn/den-hoc-va-doc-sach/c67818,67818,https://tiki.vn/den-hoc-va-doc-sach/c67818
Nhà Cửa - Đời Sống,https://tiki.vn/nha-cua-doi-song/c1883,Ngoài trời & sân vườn,https://tiki.vn/ngoai-troi-san-vuon/c2223,"Áo mưa, ô dù và phụ kiện đi mưa",https://tiki.vn/ao-mua-o-du-va-phu-kien-di-mua/c5995,5995,https://tiki.vn/ao-mua-o-du-va-phu-kien-di-mua/c5995
Nhà Cửa - Đời Sống,https://tiki.vn/nha-cua-doi-song/c1883,Ngoài trời & sân vườn,https://tiki.vn/ngoai-troi-san-vuon/c2223,Dụng cụ làm vườn,https://tiki.vn/dung-cu-lam-vuon/c3879,3879,https://tiki.vn/dung-cu-lam-vuon/c3879
Nhà Cửa - Đời Sống,https://tiki.vn/nha-cua-doi-song/c1883,Ngoài trời & sân vườn,https://tiki.vn/ngoai-troi-san-vuon/c2223,Máy xịt rửa và phụ kiện,https://tiki.vn/may-xit-rua-va-phu-kien/c8316,8316,https://tiki.vn/may-xit-rua-va-phu-kien/c8316
Nhà Cửa - Đời Sống,https://tiki.vn/nha-cua-doi-song/c1883,Ngoài trời & sân vườn,https://tiki.vn/ngoai-troi-san-vuon/c2223,Ngoại thất sân vườn,https://tiki.vn/ngoai-that-san-vuon/c23422,23422,https://tiki.vn/ngoai-that-san-vuon/c23422
Nhà Cửa - Đời Sống,https://tiki.vn/nha-cua-doi-song/c1883,Ngoài trời & sân vườn,https://tiki.vn/ngoai-troi-san-vuon/c2223,Bể bơi và phụ kiện,https://tiki.vn/be-boi-va-phu-kien/c23434,23434,https://tiki.vn/be-boi-va-phu-kien/c23434
Nhà Cửa - Đời Sống,https://tiki.vn/nha-cua-doi-song/c1883,Ngoài trời & sân vườn,https://tiki.vn/ngoai-troi-san-vuon/c2223,Dụng cụ ngoài trời khác,https://tiki.vn/dung-cu-ngoai-troi-khac/c23446,23446,https://tiki.vn/dung-cu-ngoai-troi-khac/c23446
Nhà Cửa - Đời Sống,https://tiki.vn/nha-cua-doi-song/c1883,Đồ dùng và thiết bị nhà tắm,https://tiki.vn/do-dung-va-thiet-bi-nha-tam/c1966,Khăn,https://tiki.vn/khan/c2685,2685,https://tiki.vn/khan/c2685
Nhà Cửa - Đời Sống,https://tiki.vn/nha-cua-doi-song/c1883,Đồ dùng và thiết bị nhà tắm,https://tiki.vn/do-dung-va-thiet-bi-nha-tam/c1966,Phụ kiện nhà tắm,https://tiki.vn/phu-kien-nha-tam/c2339,2339,https://tiki.vn/phu-kien-nha-tam/c2339
Nhà Cửa - Đời Sống,https://tiki.vn/nha-cua-doi-song/c1883,Đồ dùng và thiết bị nhà tắm,https://tiki.vn/do-dung-va-thiet-bi-nha-tam/c1966,Kệ nhà tắm,https://tiki.vn/ke-nha-tam/c23258,23258,https://tiki.vn/ke-nha-tam/c23258
Nhà Cửa - Đời Sống,https://tiki.vn/nha-cua-doi-song/c1883,Đồ dùng và thiết bị nhà tắm,https://tiki.vn/do-dung-va-thiet-bi-nha-tam/c1966,Thiết bị phòng tắm,https://tiki.vn/thiet-bi-phong-tam/c23264,23264,https://tiki.vn/thiet-bi-phong-tam/c23264
Nhà Cửa - Đời Sống,https://tiki.vn/nha-cua-doi-song/c1883,Đồ dùng và thiết bị nhà tắm,https://tiki.vn/do-dung-va-thiet-bi-nha-tam/c1966,Phụ kiện giặt ủi,https://tiki.vn/phu-kien-giat-ui/c23044,23044,https://tiki.vn/phu-kien-giat-ui/c23044
Nhà Cửa - Đời Sống,https://tiki.vn/nha-cua-doi-song/c1883,Đồ dùng và thiết bị nhà tắm,https://tiki.vn/do-dung-va-thiet-bi-nha-tam/c1966,Dụng cụ vệ sinh,https://tiki.vn/dung-cu-ve-sinh/c23018,23018,https://tiki.vn/dung-cu-ve-sinh/c23018
Nhà Cửa - Đời Sống,https://tiki.vn/nha-cua-doi-song/c1883,Sửa chữa nhà cửa,https://tiki.vn/sua-chua-nha-cua/c1974,Bảo hộ lao động,https://tiki.vn/bao-ho-lao-dong/c4452,4452,https://tiki.vn/bao-ho-lao-dong/c4452
Nhà Cửa - Đời Sống,https://tiki.vn/nha-cua-doi-song/c1883,Sửa chữa nhà cửa,https://tiki.vn/sua-chua-nha-cua/c1974,"Sơn, dầu mỡ, hóa chất",https://tiki.vn/son-dau-mo-hoa-chat/c12986,12986,https://tiki.vn/son-dau-mo-hoa-chat/c12986
Nhà Cửa - Đời Sống,https://tiki.vn/nha-cua-doi-song/c1883,Sửa chữa nhà cửa,https://tiki.vn/sua-chua-nha-cua/c1974,Xe đẩy hàng,https://tiki.vn/xe-day-hang/c12984,12984,https://tiki.vn/xe-day-hang/c12984
Nhà Cửa - Đời Sống,https://tiki.vn/nha-cua-doi-song/c1883,Sửa chữa nhà cửa,https://tiki.vn/sua-chua-nha-cua/c1974,"Đá cắt, que hàn, cưa & lưỡi cưa",https://tiki.vn/da-cat-que-han-cua-luoi-cua/c12980,12980,https://tiki.vn/da-cat-que-han-cua-luoi-cua/c12980
Nhà Cửa - Đời Sống,https://tiki.vn/nha-cua-doi-song/c1883,Sửa chữa nhà cửa,https://tiki.vn/sua-chua-nha-cua/c1974,Bộ dụng cụ đa năng,https://tiki.vn/bo-dung-cu-da-nang/c2759,2759,https://tiki.vn/bo-dung-cu-da-nang/c2759
Nhà Cửa - Đời Sống,https://tiki.vn/nha-cua-doi-song/c1883,Sửa chữa nhà cửa,https://tiki.vn/sua-chua-nha-cua/c1974,Thang nhôm,https://tiki.vn/thang-nhom/c2327,2327,https://tiki.vn/thang-nhom/c2327
Nhà Cửa - Đời Sống,https://tiki.vn/nha-cua-doi-song/c1883,Sửa chữa nhà cửa,https://tiki.vn/sua-chua-nha-cua/c1974,Dụng cụ sửa chữa nhà cửa,https://tiki.vn/dung-cu-sua-chua-nha-cua/c2760,2760,https://tiki.vn/dung-cu-sua-chua-nha-cua/c2760
Nhà Cửa - Đời Sống,https://tiki.vn/nha-cua-doi-song/c1883,Sửa chữa nhà cửa,https://tiki.vn/sua-chua-nha-cua/c1974,Thiết bị đo lường,https://tiki.vn/thiet-bi-do-luong/c27188,27188,https://tiki.vn/thiet-bi-do-luong/c27188
Nhà Cửa - Đời Sống,https://tiki.vn/nha-cua-doi-song/c1883,Sửa chữa nhà cửa,https://tiki.vn/sua-chua-nha-cua/c1974,"Thùng đồ nghề, túi công cụ",https://tiki.vn/thung-do-nghe-tui-cong-cu/c2806,2806,https://tiki.vn/thung-do-nghe-tui-cong-cu/c2806
Nhà Cửa - Đời Sống,https://tiki.vn/nha-cua-doi-song/c1883,Nhạc cụ,https://tiki.vn/nhac-cu/c10068,Đàn piano,https://tiki.vn/dan-piano/c23450,23450,https://tiki.vn/dan-piano/c23450
Nhà Cửa - Đời Sống,https://tiki.vn/nha-cua-doi-song/c1883,Nhạc cụ,https://tiki.vn/nhac-cu/c10068,Amply,https://tiki.vn/amply/c23462,23462,https://tiki.vn/amply/c23462
Nhà Cửa - Đời Sống,https://tiki.vn/nha-cua-doi-song/c1883,Nhạc cụ,https://tiki.vn/nhac-cu/c10068,Đàn organ - Keyboard,https://tiki.vn/dan-organ-keyboard/c23464,23464,https://tiki.vn/dan-organ-keyboard/c23464
Nhà Cửa - Đời Sống,https://tiki.vn/nha-cua-doi-song/c1883,Nhạc cụ,https://tiki.vn/nhac-cu/c10068,"Đàn guitar, ukulele",https://tiki.vn/dan-guitar-ukulele/c23466,23466,https://tiki.vn/dan-guitar-ukulele/c23466
Nhà Cửa - Đời Sống,https://tiki.vn/nha-cua-doi-song/c1883,Nhạc cụ,https://tiki.vn/nhac-cu/c10068,Phụ kiện đàn,https://tiki.vn/phu-kien-dan/c23468,23468,https://tiki.vn/phu-kien-dan/c23468
Nhà Cửa - Đời Sống,https://tiki.vn/nha-cua-doi-song/c1883,Nhạc cụ,https://tiki.vn/nhac-cu/c10068,Nhạc cụ dân tộc,https://tiki.vn/nhac-cu-dan-toc/c10076,10076,https://tiki.vn/nhac-cu-dan-toc/c10076
Nhà Cửa - Đời Sống,https://tiki.vn/nha-cua-doi-song/c1883,Nhạc cụ,https://tiki.vn/nhac-cu/c10068,Nhạc cụ hơi,https://tiki.vn/nhac-cu-hoi/c10074,10074,https://tiki.vn/nhac-cu-hoi/c10074
Nhà Cửa - Đời Sống,https://tiki.vn/nha-cua-doi-song/c1883,Nhạc cụ,https://tiki.vn/nhac-cu/c10068,Phụ kiện nhạc cụ,https://tiki.vn/phu-kien-nhac-cu/c23552,23552,https://tiki.vn/phu-kien-nhac-cu/c23552
Nhà Cửa - Đời Sống,https://tiki.vn/nha-cua-doi-song/c1883,Nhạc cụ,https://tiki.vn/nhac-cu/c10068,Các loại đàn khác,https://tiki.vn/cac-loai-dan-khac/c10073,10073,https://tiki.vn/cac-loai-dan-khac/c10073
Nhà Cửa - Đời Sống,https://tiki.vn/nha-cua-doi-song/c1883,Nhạc cụ,https://tiki.vn/nhac-cu/c10068,Amplifier,https://tiki.vn/amplifier/c68289,68289,https://tiki.vn/amplifier/c68289
Nhà Cửa - Đời Sống,https://tiki.vn/nha-cua-doi-song/c1883,Nhạc cụ,https://tiki.vn/nhac-cu/c10068,Bộ Trống - Drum,https://tiki.vn/bo-trong-drum/c68304,68304,https://tiki.vn/bo-trong-drum/c68304
Nhà Cửa - Đời Sống,https://tiki.vn/nha-cua-doi-song/c1883,Đồ thờ cúng,https://tiki.vn/do-tho-cung/c23054,Bộ đồ thờ,https://tiki.vn/bo-do-tho/c23056,23056,https://tiki.vn/bo-do-tho/c23056
Nhà Cửa - Đời Sống,https://tiki.vn/nha-cua-doi-song/c1883,Đồ thờ cúng,https://tiki.vn/do-tho-cung/c23054,"Lư trầm, bát hương, bát nhang",https://tiki.vn/lu-tram-bat-huong-bat-nhang/c23058,23058,https://tiki.vn/lu-tram-bat-huong-bat-nhang/c23058
Nhà Cửa - Đời Sống,https://tiki.vn/nha-cua-doi-song/c1883,Đồ thờ cúng,https://tiki.vn/do-tho-cung/c23054,Bàn thờ,https://tiki.vn/ban-tho/c23072,23072,https://tiki.vn/ban-tho/c23072
Nhà Cửa - Đời Sống,https://tiki.vn/nha-cua-doi-song/c1883,Đồ thờ cúng,https://tiki.vn/do-tho-cung/c23054,"Hương, nhang",https://tiki.vn/huong-nhang/c23078,23078,https://tiki.vn/huong-nhang/c23078
Nhà Cửa - Đời Sống,https://tiki.vn/nha-cua-doi-song/c1883,Đồ thờ cúng,https://tiki.vn/do-tho-cung/c23054,Phụ kiện thờ cúng,https://tiki.vn/phu-kien-tho-cung/c23082,23082,https://tiki.vn/phu-kien-tho-cung/c23082
Nhà Cửa - Đời Sống,https://tiki.vn/nha-cua-doi-song/c1883,Đồ thờ cúng,https://tiki.vn/do-tho-cung/c23054,Đèn thờ,https://tiki.vn/den-tho/c23062,23062,https://tiki.vn/den-tho/c23062
Nhà Cửa - Đời Sống,https://tiki.vn/nha-cua-doi-song/c1883,Đồ thờ cúng,https://tiki.vn/do-tho-cung/c23054,Kỷ chén thờ,https://tiki.vn/ky-chen-tho/c23080,23080,https://tiki.vn/ky-chen-tho/c23080
Nhà Cửa - Đời Sống,https://tiki.vn/nha-cua-doi-song/c1883,Đồ thờ cúng,https://tiki.vn/do-tho-cung/c23054,Mâm đồng/Mâm ngũ quả,https://tiki.vn/mam-dongmam-ngu-qua/c23070,23070,https://tiki.vn/mam-dongmam-ngu-qua/c23070
Nhà Cửa - Đời Sống,https://tiki.vn/nha-cua-doi-song/c1883,Đồ thờ cúng,https://tiki.vn/do-tho-cung/c23054,Ống cắm hương/nhang,https://tiki.vn/ong-cam-huongnhang/c67951,67951,https://tiki.vn/ong-cam-huongnhang/c67951
Nhà Cửa - Đời Sống,https://tiki.vn/nha-cua-doi-song/c1883,Đồ thờ cúng,https://tiki.vn/do-tho-cung/c23054,Vật dụng trang trí,https://tiki.vn/vat-dung-trang-tri/c67952,67952,https://tiki.vn/vat-dung-trang-tri/c67952
Nhà Cửa - Đời Sống,https://tiki.vn/nha-cua-doi-song/c1883,Dụng cụ & Thiết bị tiện ích,https://tiki.vn/dung-cu-thiet-bi-tien-ich/c53050,Bảo vệ nhà cửa,https://tiki.vn/bao-ve-nha-cua/c23046,23046,https://tiki.vn/bao-ve-nha-cua/c23046
Nhà Cửa - Đời Sống,https://tiki.vn/nha-cua-doi-song/c1883,Dụng cụ & Thiết bị tiện ích,https://tiki.vn/dung-cu-thiet-bi-tien-ich/c53050,"Dụng cụ diệt chuột, côn trùng",https://tiki.vn/dung-cu-diet-chuot-con-trung/c23004,23004,https://tiki.vn/dung-cu-diet-chuot-con-trung/c23004
Nhà Cửa - Đời Sống,https://tiki.vn/nha-cua-doi-song/c1883,Dụng cụ & Thiết bị tiện ích,https://tiki.vn/dung-cu-thiet-bi-tien-ich/c53050,"Giá, móc, cây treo",https://tiki.vn/gia-moc-cay-treo/c2363,2363,https://tiki.vn/gia-moc-cay-treo/c2363
Nhà Cửa - Đời Sống,https://tiki.vn/nha-cua-doi-song/c1883,Dụng cụ & Thiết bị tiện ích,https://tiki.vn/dung-cu-thiet-bi-tien-ich/c53050,Pin và dụng cụ sạc pin,https://tiki.vn/pin-va-dung-cu-sac-pin/c23012,23012,https://tiki.vn/pin-va-dung-cu-sac-pin/c23012
Nhà Cửa - Đời Sống,https://tiki.vn/nha-cua-doi-song/c1883,Dụng cụ & Thiết bị tiện ích,https://tiki.vn/dung-cu-thiet-bi-tien-ich/c53050,Thiết bị điều khiển thông minh,https://tiki.vn/thiet-bi-dieu-khien-thong-minh/c20492,20492,https://tiki.vn/thiet-bi-dieu-khien-thong-minh/c20492
Nhà Cửa - Đời Sống,https://tiki.vn/nha-cua-doi-song/c1883,Dụng cụ & Thiết bị tiện ích,https://tiki.vn/dung-cu-thiet-bi-tien-ich/c53050,Miếng dán đa năng,https://tiki.vn/mieng-dan-da-nang/c67956,67956,https://tiki.vn/mieng-dan-da-nang/c67956
Điện Thoại - Máy Tính Bảng,https://tiki.vn/dien-thoai-may-tinh-bang/c1789,,,,,1789,https://tiki.vn/dien-thoai-may-tinh-bang/c1789
Điện Thoại - Máy Tính Bảng,https://tiki.vn/dien-thoai-may-tinh-bang/c1789,Điện thoại Smartphone,https://tiki.vn/dien-thoai-smartphone/c1795,,,1795,https://tiki.vn/dien-thoai-smartphone/c1795
Điện Thoại - Máy Tính Bảng,https://tiki.vn/dien-thoai-may-tinh-bang/c1789,Máy tính bảng,https://tiki.vn/may-tinh-bang/c1794,,,1794,https://tiki.vn/may-tinh-bang/c1794
Điện Thoại - Máy Tính Bảng,https://tiki.vn/dien-thoai-may-tinh-bang/c1789,Máy đọc sách,https://tiki.vn/may-doc-sach/c28856,,,28856,https://tiki.vn/may-doc-sach/c28856
Điện Thoại - Máy Tính Bảng,https://tiki.vn/dien-thoai-may-tinh-bang/c1789,Điện thoại phổ thông,https://tiki.vn/dien-thoai-pho-thong/c1796,,,1796,https://tiki.vn/dien-thoai-pho-thong/c1796
Điện Thoại - Máy Tính Bảng,https://tiki.vn/dien-thoai-may-tinh-bang/c1789,Điện thoại bàn,https://tiki.vn/dien-thoai-ban/c8061,,,8061,https://tiki.vn/dien-thoai-ban/c8061
Đồ Chơi - Mẹ & Bé,https://tiki.vn/do-choi-me-be/c2549,,,,,2549,https://tiki.vn/do-choi-me-be/c2549
Đồ Chơi - Mẹ & Bé,https://tiki.vn/do-choi-me-be/c2549,"Tã, Bỉm",https://tiki.vn/ta-bim-cho-be/c2551,,,2551,https://tiki.vn/ta-bim-cho-be/c2551
Đồ Chơi - Mẹ & Bé,https://tiki.vn/do-choi-me-be/c2549,Dinh dưỡng cho bé,https://tiki.vn/dinh-duong-cho-be/c8339,,,8339,https://tiki.vn/dinh-duong-cho-be/c8339
Đồ Chơi - Mẹ & Bé,https://tiki.vn/do-choi-me-be/c2549,Thực phẩm ăn dặm,https://tiki.vn/thuc-pham-an-dam/c6568,,,6568,https://tiki.vn/thuc-pham-an-dam/c6568
Đồ Chơi - Mẹ & Bé,https://tiki.vn/do-choi-me-be/c2549,Dinh dưỡng cho mẹ,https://tiki.vn/dinh-duong-cho-me/c10416,,,10416,https://tiki.vn/dinh-duong-cho-me/c10416
Đồ Chơi - Mẹ & Bé,https://tiki.vn/do-choi-me-be/c2549,Dinh dưỡng cho người lớn,https://tiki.vn/dinh-duong-cho-nguoi-lon/c10418,,,10418,https://tiki.vn/dinh-duong-cho-nguoi-lon/c10418
Đồ Chơi - Mẹ & Bé,https://tiki.vn/do-choi-me-be/c2549,Đồ dùng cho bé,https://tiki.vn/do-dung-cho-be/c11601,,,11601,https://tiki.vn/do-dung-cho-be/c11601
Đồ Chơi - Mẹ & Bé,https://tiki.vn/do-choi-me-be/c2549,Đồ chơi,https://tiki.vn/do-choi/c5250,,,5250,https://tiki.vn/do-choi/c5250
Đồ Chơi - Mẹ & Bé,https://tiki.vn/do-choi-me-be/c2549,Đồ dùng cho người già,https://tiki.vn/do-dung-cho-nguoi-gia/c5164,,,5164,https://tiki.vn/do-dung-cho-nguoi-gia/c5164
Đồ Chơi - Mẹ & Bé,https://tiki.vn/do-choi-me-be/c2549,"Chăm sóc mẹ mang thai, sau sinh",https://tiki.vn/cham-soc-me-mang-thai-sau-sinh/c2640,,,2640,https://tiki.vn/cham-soc-me-mang-thai-sau-sinh/c2640
Đồ Chơi - Mẹ & Bé,https://tiki.vn/do-choi-me-be/c2549,"Tã, Bỉm",https://tiki.vn/ta-bim-cho-be/c2551,Tã dán,https://tiki.vn/ta-dan/c2552,2552,https://tiki.vn/ta-dan/c2552
Đồ Chơi - Mẹ & Bé,https://tiki.vn/do-choi-me-be/c2549,"Tã, Bỉm",https://tiki.vn/ta-bim-cho-be/c2551,Miếng lót sơ sinh,https://tiki.vn/mieng-lot-so-sinh/c10414,10414,https://tiki.vn/mieng-lot-so-sinh/c10414
Đồ Chơi - Mẹ & Bé,https://tiki.vn/do-choi-me-be/c2549,"Tã, Bỉm",https://tiki.vn/ta-bim-cho-be/c2551,Tã quần,https://tiki.vn/ta-quan/c2553,2553,https://tiki.vn/ta-quan/c2553
Đồ Chơi - Mẹ & Bé,https://tiki.vn/do-choi-me-be/c2549,"Tã, Bỉm",https://tiki.vn/ta-bim-cho-be/c2551,Tã giấy,https://tiki.vn/ta-giay/c10415,10415,https://tiki.vn/ta-giay/c10415
Đồ Chơi - Mẹ & Bé,https://tiki.vn/do-choi-me-be/c2549,"Tã, Bỉm",https://tiki.vn/ta-bim-cho-be/c2551,Tã vải,https://tiki.vn/ta-vai/c2554,2554,https://tiki.vn/ta-vai/c2554
Đồ Chơi - Mẹ & Bé,https://tiki.vn/do-choi-me-be/c2549,"Tã, Bỉm",https://tiki.vn/ta-bim-cho-be/c2551,Tã bỉm dành cho người lớn,https://tiki.vn/ta-bim-danh-cho-nguoi-lon/c10417,10417,https://tiki.vn/ta-bim-danh-cho-nguoi-lon/c10417
Đồ Chơi - Mẹ & Bé,https://tiki.vn/do-choi-me-be/c2549,"Tã, Bỉm",https://tiki.vn/ta-bim-cho-be/c2551,Khăn giấy ướt cho bé,https://tiki.vn/khan-giay-uot-cho-be/c2555,2555,https://tiki.vn/khan-giay-uot-cho-be/c2555
Đồ Chơi - Mẹ & Bé,https://tiki.vn/do-choi-me-be/c2549,Dinh dưỡng cho bé,https://tiki.vn/dinh-duong-cho-be/c8339,Sữa bột cho bé,https://tiki.vn/sua-bot-cho-be/c2600,2600,https://tiki.vn/sua-bot-cho-be/c2600
Đồ Chơi - Mẹ & Bé,https://tiki.vn/do-choi-me-be/c2549,Dinh dưỡng cho bé,https://tiki.vn/dinh-duong-cho-be/c8339,Sữa công thức pha sẵn cho bé,https://tiki.vn/sua-cong-thuc-pha-san-cho-be/c10419,10419,https://tiki.vn/sua-cong-thuc-pha-san-cho-be/c10419
Đồ Chơi - Mẹ & Bé,https://tiki.vn/do-choi-me-be/c2549,Dinh dưỡng cho bé,https://tiki.vn/dinh-duong-cho-be/c8339,Vitamins,https://tiki.vn/vitamins/c10423,10423,https://tiki.vn/vitamins/c10423
Đồ Chơi - Mẹ & Bé,https://tiki.vn/do-choi-me-be/c2549,Dinh dưỡng cho bé,https://tiki.vn/dinh-duong-cho-be/c8339,Bột ăn dặm,https://tiki.vn/bot-an-dam/c2606,2606,https://tiki.vn/bot-an-dam/c2606
Đồ Chơi - Mẹ & Bé,https://tiki.vn/do-choi-me-be/c2549,Dinh dưỡng cho bé,https://tiki.vn/dinh-duong-cho-be/c8339,Nước trái cây cho bé,https://tiki.vn/nuoc-trai-cay-cho-be/c10424,10424,https://tiki.vn/nuoc-trai-cay-cho-be/c10424
Đồ Chơi - Mẹ & Bé,https://tiki.vn/do-choi-me-be/c2549,Dinh dưỡng cho bé,https://tiki.vn/dinh-duong-cho-be/c8339,Bánh ăn dặm,https://tiki.vn/banh-an-dam/c6570,6570,https://tiki.vn/banh-an-dam/c6570
Đồ Chơi - Mẹ & Bé,https://tiki.vn/do-choi-me-be/c2549,Dinh dưỡng cho bé,https://tiki.vn/dinh-duong-cho-be/c8339,Thực phẩm chế biến sẵn cho bé,https://tiki.vn/thuc-pham-che-bien-san-cho-be/c6571,6571,https://tiki.vn/thuc-pham-che-bien-san-cho-be/c6571
Đồ Chơi - Mẹ & Bé,https://tiki.vn/do-choi-me-be/c2549,Dinh dưỡng cho bé,https://tiki.vn/dinh-duong-cho-be/c8339,Các sản phẩm dinh dưỡng cho bé khác,https://tiki.vn/cac-san-pham-dinh-duong-cho-be-khac/c68449,68449,https://tiki.vn/cac-san-pham-dinh-duong-cho-be-khac/c68449
Đồ Chơi - Mẹ & Bé,https://tiki.vn/do-choi-me-be/c2549,Dinh dưỡng cho bé,https://tiki.vn/dinh-duong-cho-be/c8339,Gia vị cho bé,https://tiki.vn/gia-vi-cho-be/c68450,68450,https://tiki.vn/gia-vi-cho-be/c68450
Đồ Chơi - Mẹ & Bé,https://tiki.vn/do-choi-me-be/c2549,Dinh dưỡng cho bé,https://tiki.vn/dinh-duong-cho-be/c8339,"Mì, nui ăn dặm",https://tiki.vn/mi-nui-an-dam/c68454,68454,https://tiki.vn/mi-nui-an-dam/c68454
Đồ Chơi - Mẹ & Bé,https://tiki.vn/do-choi-me-be/c2549,Dinh dưỡng cho mẹ,https://tiki.vn/dinh-duong-cho-me/c10416,Ngũ cốc cho mẹ bầu,https://tiki.vn/ngu-coc-cho-me-bau/c68455,68455,https://tiki.vn/ngu-coc-cho-me-bau/c68455
Đồ Chơi - Mẹ & Bé,https://tiki.vn/do-choi-me-be/c2549,Dinh dưỡng cho mẹ,https://tiki.vn/dinh-duong-cho-me/c10416,Sữa bột cho mẹ bầu,https://tiki.vn/sua-bot-cho-me-bau/c68456,68456,https://tiki.vn/sua-bot-cho-me-bau/c68456
Đồ Chơi - Mẹ & Bé,https://tiki.vn/do-choi-me-be/c2549,Dinh dưỡng cho mẹ,https://tiki.vn/dinh-duong-cho-me/c10416,Thực phẩm lợi sữa,https://tiki.vn/thuc-pham-loi-sua/c68458,68458,https://tiki.vn/thuc-pham-loi-sua/c68458
Đồ Chơi - Mẹ & Bé,https://tiki.vn/do-choi-me-be/c2549,Dinh dưỡng cho mẹ,https://tiki.vn/dinh-duong-cho-me/c10416,Vitamins và thực phẩm chức năng cho mẹ bầu,https://tiki.vn/vitamins-va-thuc-pham-chuc-nang-cho-me-bau/c68459,68459,https://tiki.vn/vitamins-va-thuc-pham-chuc-nang-cho-me-bau/c68459
Đồ Chơi - Mẹ & Bé,https://tiki.vn/do-choi-me-be/c2549,Dinh dưỡng cho người lớn,https://tiki.vn/dinh-duong-cho-nguoi-lon/c10418,Sữa bột chức năng cho người lớn,https://tiki.vn/sua-bot-chuc-nang-cho-nguoi-lon/c68460,68460,https://tiki.vn/sua-bot-chuc-nang-cho-nguoi-lon/c68460
Đồ Chơi - Mẹ & Bé,https://tiki.vn/do-choi-me-be/c2549,Dinh dưỡng cho người lớn,https://tiki.vn/dinh-duong-cho-nguoi-lon/c10418,Sữa nước chức năng cho người lớn,https://tiki.vn/sua-nuoc-chuc-nang-cho-nguoi-lon/c68461,68461,https://tiki.vn/sua-nuoc-chuc-nang-cho-nguoi-lon/c68461
Đồ Chơi - Mẹ & Bé,https://tiki.vn/do-choi-me-be/c2549,Dinh dưỡng cho người lớn,https://tiki.vn/dinh-duong-cho-nguoi-lon/c10418,Thực phẩm chức năng từ thiên nhiên,https://tiki.vn/thuc-pham-chuc-nang-tu-thien-nhien/c68462,68462,https://tiki.vn/thuc-pham-chuc-nang-tu-thien-nhien/c68462
Đồ Chơi - Mẹ & Bé,https://tiki.vn/do-choi-me-be/c2549,Dinh dưỡng cho người lớn,https://tiki.vn/dinh-duong-cho-nguoi-lon/c10418,Vitamins và thực phẩm chức năng,https://tiki.vn/vitamins-va-thuc-pham-chuc-nang/c68463,68463,https://tiki.vn/vitamins-va-thuc-pham-chuc-nang/c68463
Đồ Chơi - Mẹ & Bé,https://tiki.vn/do-choi-me-be/c2549,Đồ dùng cho bé,https://tiki.vn/do-dung-cho-be/c11601,Đồ dùng ăn uống cho bé,https://tiki.vn/do-dung-an-uong-cho-be/c2556,2556,https://tiki.vn/do-dung-an-uong-cho-be/c2556
Đồ Chơi - Mẹ & Bé,https://tiki.vn/do-choi-me-be/c2549,Đồ dùng cho bé,https://tiki.vn/do-dung-cho-be/c11601,Đồ dùng vệ sinh cho bé,https://tiki.vn/do-dung-ve-sinh-cho-be/c2567,2567,https://tiki.vn/do-dung-ve-sinh-cho-be/c2567
Đồ Chơi - Mẹ & Bé,https://tiki.vn/do-choi-me-be/c2549,Đồ dùng cho bé,https://tiki.vn/do-dung-cho-be/c11601,Đồ dùng phòng ngủ cho bé,https://tiki.vn/do-dung-phong-ngu-cho-be/c2585,2585,https://tiki.vn/do-dung-phong-ngu-cho-be/c2585
Đồ Chơi - Mẹ & Bé,https://tiki.vn/do-choi-me-be/c2549,Đồ dùng cho bé,https://tiki.vn/do-dung-cho-be/c11601,Đồ dùng bảo vệ bé,https://tiki.vn/do-dung-bao-ve-be/c2584,2584,https://tiki.vn/do-dung-bao-ve-be/c2584
Đồ Chơi - Mẹ & Bé,https://tiki.vn/do-choi-me-be/c2549,Đồ dùng cho bé,https://tiki.vn/do-dung-cho-be/c11601,Dụng cụ chăm sóc sức khỏe,https://tiki.vn/dung-cu-cham-soc-suc-khoe/c2576,2576,https://tiki.vn/dung-cu-cham-soc-suc-khoe/c2576
Đồ Chơi - Mẹ & Bé,https://tiki.vn/do-choi-me-be/c2549,Đồ dùng cho bé,https://tiki.vn/do-dung-cho-be/c11601,Đồ dùng đi chơi,https://tiki.vn/do-dung-di-choi/c2593,2593,https://tiki.vn/do-dung-di-choi/c2593
Đồ Chơi - Mẹ & Bé,https://tiki.vn/do-choi-me-be/c2549,Đồ dùng cho bé,https://tiki.vn/do-dung-cho-be/c11601,Combo đi sinh và gói quà tặng,https://tiki.vn/combo-di-sinh-va-goi-qua-tang/c68492,68492,https://tiki.vn/combo-di-sinh-va-goi-qua-tang/c68492
Đồ Chơi - Mẹ & Bé,https://tiki.vn/do-choi-me-be/c2549,Đồ chơi,https://tiki.vn/do-choi/c5250,"Lắp ghép, Xếp hình",https://tiki.vn/lap-ghep-xep-hinh/c1948,1948,https://tiki.vn/lap-ghep-xep-hinh/c1948
Đồ Chơi - Mẹ & Bé,https://tiki.vn/do-choi-me-be/c2549,Đồ chơi,https://tiki.vn/do-choi/c5250,Đồ chơi điều khiển,https://tiki.vn/do-choi-dieu-khien/c8469,8469,https://tiki.vn/do-choi-dieu-khien/c8469
Đồ Chơi - Mẹ & Bé,https://tiki.vn/do-choi-me-be/c2549,Đồ chơi,https://tiki.vn/do-choi/c5250,"Búp bê, Thú bông",https://tiki.vn/bup-be-thu-bong/c1938,1938,https://tiki.vn/bup-be-thu-bong/c1938
Đồ Chơi - Mẹ & Bé,https://tiki.vn/do-choi-me-be/c2549,Đồ chơi,https://tiki.vn/do-choi/c5250,Đồ chơi gỗ,https://tiki.vn/do-choi-go/c2848,2848,https://tiki.vn/do-choi-go/c2848
Đồ Chơi - Mẹ & Bé,https://tiki.vn/do-choi-me-be/c2549,Đồ chơi,https://tiki.vn/do-choi/c5250,Đồ chơi mô hình,https://tiki.vn/do-choi-mo-hinh/c4493,4493,https://tiki.vn/do-choi-mo-hinh/c4493
Đồ Chơi - Mẹ & Bé,https://tiki.vn/do-choi-me-be/c2549,Đồ chơi,https://tiki.vn/do-choi/c5250,Đồ chơi giáo dục,https://tiki.vn/do-choi-giao-duc/c4506,4506,https://tiki.vn/do-choi-giao-duc/c4506
Đồ Chơi - Mẹ & Bé,https://tiki.vn/do-choi-me-be/c2549,Đồ chơi,https://tiki.vn/do-choi/c5250,Đồ chơi thủ công,https://tiki.vn/do-choi-thu-cong/c10523,10523,https://tiki.vn/do-choi-thu-cong/c10523
Đồ Chơi - Mẹ & Bé,https://tiki.vn/do-choi-me-be/c2549,Đồ chơi,https://tiki.vn/do-choi/c5250,Đồ chơi vận động,https://tiki.vn/do-choi-van-dong/c4594,4594,https://tiki.vn/do-choi-van-dong/c4594
Đồ Chơi - Mẹ & Bé,https://tiki.vn/do-choi-me-be/c2549,Đồ chơi,https://tiki.vn/do-choi/c5250,Đồ chơi nhạc cụ,https://tiki.vn/do-choi-nhac-cu/c4604,4604,https://tiki.vn/do-choi-nhac-cu/c4604
Đồ Chơi - Mẹ & Bé,https://tiki.vn/do-choi-me-be/c2549,Đồ chơi,https://tiki.vn/do-choi/c5250,Boardgame,https://tiki.vn/do-choi-board-games/c4505,4505,https://tiki.vn/do-choi-board-games/c4505
Đồ Chơi - Mẹ & Bé,https://tiki.vn/do-choi-me-be/c2549,Đồ chơi,https://tiki.vn/do-choi/c5250,Cờ,https://tiki.vn/co/c10445,10445,https://tiki.vn/co/c10445
Đồ Chơi - Mẹ & Bé,https://tiki.vn/do-choi-me-be/c2549,Đồ chơi,https://tiki.vn/do-choi/c5250,"Bột nặn, Cát nặn",https://tiki.vn/bot-nan-to-mau/c4500,4500,https://tiki.vn/bot-nan-to-mau/c4500
Đồ Chơi - Mẹ & Bé,https://tiki.vn/do-choi-me-be/c2549,Đồ chơi,https://tiki.vn/do-choi/c5250,Lều thảm,https://tiki.vn/do-choi-leu-tham-cuon/c4504,4504,https://tiki.vn/do-choi-leu-tham-cuon/c4504
Đồ Chơi - Mẹ & Bé,https://tiki.vn/do-choi-me-be/c2549,Đồ chơi,https://tiki.vn/do-choi/c5250,Đồ chơi sơ sinh,https://tiki.vn/do-choi-be-so-sinh/c4601,4601,https://tiki.vn/do-choi-be-so-sinh/c4601
Đồ Chơi - Mẹ & Bé,https://tiki.vn/do-choi-me-be/c2549,Đồ chơi,https://tiki.vn/do-choi/c5250,Đồ chơi ảo thuật,https://tiki.vn/do-choi-ao-thuat/c10536,10536,https://tiki.vn/do-choi-ao-thuat/c10536
Đồ Chơi - Mẹ & Bé,https://tiki.vn/do-choi-me-be/c2549,Đồ chơi,https://tiki.vn/do-choi/c5250,Trò chơi dân gian,https://tiki.vn/tro-choi-dan-gian/c10537,10537,https://tiki.vn/tro-choi-dan-gian/c10537
Đồ Chơi - Mẹ & Bé,https://tiki.vn/do-choi-me-be/c2549,Đồ chơi,https://tiki.vn/do-choi/c5250,Trò chơi trí tuệ,https://tiki.vn/tro-choi-tri-tue/c10538,10538,https://tiki.vn/tro-choi-tri-tue/c10538
Đồ Chơi - Mẹ & Bé,https://tiki.vn/do-choi-me-be/c2549,Đồ chơi,https://tiki.vn/do-choi/c5250,Đồ chơi khác,https://tiki.vn/do-choi-khac/c68470,68470,https://tiki.vn/do-choi-khac/c68470
Đồ Chơi - Mẹ & Bé,https://tiki.vn/do-choi-me-be/c2549,Đồ chơi,https://tiki.vn/do-choi/c5250,"Đồ chơi sở thích, sưu tầm và trưng bày",https://tiki.vn/do-choi-so-thich-suu-tam-va-trung-bay/c68480,68480,https://tiki.vn/do-choi-so-thich-suu-tam-va-trung-bay/c68480
Đồ Chơi - Mẹ & Bé,https://tiki.vn/do-choi-me-be/c2549,Đồ dùng cho người già,https://tiki.vn/do-dung-cho-nguoi-gia/c5164,"Chậu vệ sinh, ghế ngồi vệ sinh và nắp đậy",https://tiki.vn/chau-ve-sinh-ghe-ngoi-ve-sinh-va-nap-day/c68629,68629,https://tiki.vn/chau-ve-sinh-ghe-ngoi-ve-sinh-va-nap-day/c68629
Đồ Chơi - Mẹ & Bé,https://tiki.vn/do-choi-me-be/c2549,Đồ dùng cho người già,https://tiki.vn/do-dung-cho-nguoi-gia/c5164,Dụng cụ hỗ trợ trong nhà tắm cho người già,https://tiki.vn/dung-cu-ho-tro-trong-nha-tam-cho-nguoi-gia/c68631,68631,https://tiki.vn/dung-cu-ho-tro-trong-nha-tam-cho-nguoi-gia/c68631
Đồ Chơi - Mẹ & Bé,https://tiki.vn/do-choi-me-be/c2549,Đồ dùng cho người già,https://tiki.vn/do-dung-cho-nguoi-gia/c5164,Gậy chống,https://tiki.vn/gay-chong/c68632,68632,https://tiki.vn/gay-chong/c68632
Đồ Chơi - Mẹ & Bé,https://tiki.vn/do-choi-me-be/c2549,"Chăm sóc mẹ mang thai, sau sinh",https://tiki.vn/cham-soc-me-mang-thai-sau-sinh/c2640,"Máy hút sữa, Túi trữ sữa",https://tiki.vn/may-hut-sua-tui-tru-sua/c6580,6580,https://tiki.vn/may-hut-sua-tui-tru-sua/c6580
Đồ Chơi - Mẹ & Bé,https://tiki.vn/do-choi-me-be/c2549,"Chăm sóc mẹ mang thai, sau sinh",https://tiki.vn/cham-soc-me-mang-thai-sau-sinh/c2640,Đai đỡ bụng bầu,https://tiki.vn/dai-do-bung-bau/c10556,10556,https://tiki.vn/dai-do-bung-bau/c10556
Đồ Chơi - Mẹ & Bé,https://tiki.vn/do-choi-me-be/c2549,"Chăm sóc mẹ mang thai, sau sinh",https://tiki.vn/cham-soc-me-mang-thai-sau-sinh/c2640,"Đai nịt bụng, Quần tạo dáng sau sinh",https://tiki.vn/dai-nit-bung-quan-tao-dang-sau-sinh/c2654,2654,https://tiki.vn/dai-nit-bung-quan-tao-dang-sau-sinh/c2654
Đồ Chơi - Mẹ & Bé,https://tiki.vn/do-choi-me-be/c2549,"Chăm sóc mẹ mang thai, sau sinh",https://tiki.vn/cham-soc-me-mang-thai-sau-sinh/c2640,"Dung dịch tắm gội, Chăm sóc da",https://tiki.vn/dung-dich-tam-goi-cham-soc-da/c2656,2656,https://tiki.vn/dung-dich-tam-goi-cham-soc-da/c2656
Đồ Chơi - Mẹ & Bé,https://tiki.vn/do-choi-me-be/c2549,"Chăm sóc mẹ mang thai, sau sinh",https://tiki.vn/cham-soc-me-mang-thai-sau-sinh/c2640,Phương pháp dân gian,https://tiki.vn/phuong-phap-dan-gian/c10559,10559,https://tiki.vn/phuong-phap-dan-gian/c10559
Đồ Chơi - Mẹ & Bé,https://tiki.vn/do-choi-me-be/c2549,"Chăm sóc mẹ mang thai, sau sinh",https://tiki.vn/cham-soc-me-mang-thai-sau-sinh/c2640,Phụ kiện cho mẹ,https://tiki.vn/phu-kien-cho-me/c6581,6581,https://tiki.vn/phu-kien-cho-me/c6581
Thiết Bị Số - Phụ Kiện Số,https://tiki.vn/thiet-bi-kts-phu-kien-so/c1815,,,,,1815,https://tiki.vn/thiet-bi-kts-phu-kien-so/c1815
Thiết Bị Số - Phụ Kiện Số,https://tiki.vn/thiet-bi-kts-phu-kien-so/c1815,Thiết Bị Âm Thanh và Phụ Kiện,https://tiki.vn/thiet-bi-am-thanh-va-phu-kien/c8215,,,8215,https://tiki.vn/thiet-bi-am-thanh-va-phu-kien/c8215
Thiết Bị Số - Phụ Kiện Số,https://tiki.vn/thiet-bi-kts-phu-kien-so/c1815,Thiết Bị Chơi Game và Phụ Kiện,https://tiki.vn/thiet-bi-choi-game-va-phu-kien/c2667,,,2667,https://tiki.vn/thiet-bi-choi-game-va-phu-kien/c2667
Thiết Bị Số - Phụ Kiện Số,https://tiki.vn/thiet-bi-kts-phu-kien-so/c1815,Thiết Bị Đeo Thông Minh và Phụ Kiện,https://tiki.vn/thiet-bi-deo-thong-minh-va-phu-kien/c8039,,,8039,https://tiki.vn/thiet-bi-deo-thong-minh-va-phu-kien/c8039
Thiết Bị Số - Phụ Kiện Số,https://tiki.vn/thiet-bi-kts-phu-kien-so/c1815,Thiết Bị Thông Minh và Linh Kiện Điện Tử,https://tiki.vn/thiet-bi-thong-minh-va-linh-kien-dien-tu/c28432,,,28432,https://tiki.vn/thiet-bi-thong-minh-va-linh-kien-dien-tu/c28432
Thiết Bị Số - Phụ Kiện Số,https://tiki.vn/thiet-bi-kts-phu-kien-so/c1815,Phụ Kiện Điện Thoại và Máy Tính Bảng,https://tiki.vn/phu-kien-dien-thoai-va-may-tinh-bang/c8214,,,8214,https://tiki.vn/phu-kien-dien-thoai-va-may-tinh-bang/c8214
Thiết Bị Số - Phụ Kiện Số,https://tiki.vn/thiet-bi-kts-phu-kien-so/c1815,Phụ kiện máy tính và Laptop,https://tiki.vn/phu-kien-may-tinh-va-laptop/c28670,,,28670,https://tiki.vn/phu-kien-may-tinh-va-laptop/c28670
Thiết Bị Số - Phụ Kiện Số,https://tiki.vn/thiet-bi-kts-phu-kien-so/c1815,Thiết Bị Âm Thanh và Phụ Kiện,https://tiki.vn/thiet-bi-am-thanh-va-phu-kien/c8215,Tai Nghe Có Dây,https://tiki.vn/tai-nghe-co-day/c1804,1804,https://tiki.vn/tai-nghe-co-day/c1804
Thiết Bị Số - Phụ Kiện Số,https://tiki.vn/thiet-bi-kts-phu-kien-so/c1815,Thiết Bị Âm Thanh và Phụ Kiện,https://tiki.vn/thiet-bi-am-thanh-va-phu-kien/c8215,Tai Nghe Bluetooth,https://tiki.vn/tai-nghe-bluetooth/c1811,1811,https://tiki.vn/tai-nghe-bluetooth/c1811
Thiết Bị Số - Phụ Kiện Số,https://tiki.vn/thiet-bi-kts-phu-kien-so/c1815,Thiết Bị Âm Thanh và Phụ Kiện,https://tiki.vn/thiet-bi-am-thanh-va-phu-kien/c8215,Loa Nghe Nhạc,https://tiki.vn/loa-nghe-nhac/c1805,1805,https://tiki.vn/loa-nghe-nhac/c1805
Thiết Bị Số - Phụ Kiện Số,https://tiki.vn/thiet-bi-kts-phu-kien-so/c1815,Thiết Bị Âm Thanh và Phụ Kiện,https://tiki.vn/thiet-bi-am-thanh-va-phu-kien/c8215,Micro,https://tiki.vn/micro/c28642,28642,https://tiki.vn/micro/c28642
Thiết Bị Số - Phụ Kiện Số,https://tiki.vn/thiet-bi-kts-phu-kien-so/c1815,Thiết Bị Âm Thanh và Phụ Kiện,https://tiki.vn/thiet-bi-am-thanh-va-phu-kien/c8215,DAC và Amplifier Di Động,https://tiki.vn/dac-va-amplifier-di-dong/c20170,20170,https://tiki.vn/dac-va-amplifier-di-dong/c20170
Thiết Bị Số - Phụ Kiện Số,https://tiki.vn/thiet-bi-kts-phu-kien-so/c1815,Thiết Bị Âm Thanh và Phụ Kiện,https://tiki.vn/thiet-bi-am-thanh-va-phu-kien/c8215,Máy Thu và Máy Phát Âm Thanh,https://tiki.vn/may-thu-va-may-phat-am-thanh/c28656,28656,https://tiki.vn/may-thu-va-may-phat-am-thanh/c28656
Thiết Bị Số - Phụ Kiện Số,https://tiki.vn/thiet-bi-kts-phu-kien-so/c1815,Thiết Bị Âm Thanh và Phụ Kiện,https://tiki.vn/thiet-bi-am-thanh-va-phu-kien/c8215,Thiết Bị Âm Thanh,https://tiki.vn/thiet-bi-am-thanh/c30374,30374,https://tiki.vn/thiet-bi-am-thanh/c30374
Thiết Bị Số - Phụ Kiện Số,https://tiki.vn/thiet-bi-kts-phu-kien-so/c1815,Thiết Bị Âm Thanh và Phụ Kiện,https://tiki.vn/thiet-bi-am-thanh-va-phu-kien/c8215,Thiết bị phát Streaming,https://tiki.vn/thiet-bi-phat-streaming/c28858,28858,https://tiki.vn/thiet-bi-phat-streaming/c28858
Thiết Bị Số - Phụ Kiện Số,https://tiki.vn/thiet-bi-kts-phu-kien-so/c1815,Thiết Bị Âm Thanh và Phụ Kiện,https://tiki.vn/thiet-bi-am-thanh-va-phu-kien/c8215,"Receivers, Amplifier, Mixer",https://tiki.vn/receivers-amplifier-mixer/c7079,7079,https://tiki.vn/receivers-amplifier-mixer/c7079
Thiết Bị Số - Phụ Kiện Số,https://tiki.vn/thiet-bi-kts-phu-kien-so/c1815,Thiết Bị Âm Thanh và Phụ Kiện,https://tiki.vn/thiet-bi-am-thanh-va-phu-kien/c8215,Micro Karaoke - sân khấu,https://tiki.vn/micro-karaoke-san-khau/c26652,26652,https://tiki.vn/micro-karaoke-san-khau/c26652
Thiết Bị Số - Phụ Kiện Số,https://tiki.vn/thiet-bi-kts-phu-kien-so/c1815,Thiết Bị Âm Thanh và Phụ Kiện,https://tiki.vn/thiet-bi-am-thanh-va-phu-kien/c8215,Phụ kiện âm thanh,https://tiki.vn/phu-kien-am-thanh/c8068,8068,https://tiki.vn/phu-kien-am-thanh/c8068
Thiết Bị Số - Phụ Kiện Số,https://tiki.vn/thiet-bi-kts-phu-kien-so/c1815,Thiết Bị Âm Thanh và Phụ Kiện,https://tiki.vn/thiet-bi-am-thanh-va-phu-kien/c8215,Dàn âm thanh,https://tiki.vn/dan-am-thanh/c4966,4966,https://tiki.vn/dan-am-thanh/c4966
Thiết Bị Số - Phụ Kiện Số,https://tiki.vn/thiet-bi-kts-phu-kien-so/c1815,Thiết Bị Âm Thanh và Phụ Kiện,https://tiki.vn/thiet-bi-am-thanh-va-phu-kien/c8215,Loa,https://tiki.vn/loa/c7075,7075,https://tiki.vn/loa/c7075
Thiết Bị Số - Phụ Kiện Số,https://tiki.vn/thiet-bi-kts-phu-kien-so/c1815,Thiết Bị Chơi Game và Phụ Kiện,https://tiki.vn/thiet-bi-choi-game-va-phu-kien/c2667,Đĩa Game,https://tiki.vn/dia-game/c12676,12676,https://tiki.vn/dia-game/c12676
Thiết Bị Số - Phụ Kiện Số,https://tiki.vn/thiet-bi-kts-phu-kien-so/c1815,Thiết Bị Chơi Game và Phụ Kiện,https://tiki.vn/thiet-bi-choi-game-va-phu-kien/c2667,Ghế Gaming,https://tiki.vn/ghe-gaming/c7273,7273,https://tiki.vn/ghe-gaming/c7273
Thiết Bị Số - Phụ Kiện Số,https://tiki.vn/thiet-bi-kts-phu-kien-so/c1815,Thiết Bị Chơi Game và Phụ Kiện,https://tiki.vn/thiet-bi-choi-game-va-phu-kien/c2667,Máy Chơi Game - Console,https://tiki.vn/may-choi-game-console/c8251,8251,https://tiki.vn/may-choi-game-console/c8251
Thiết Bị Số - Phụ Kiện Số,https://tiki.vn/thiet-bi-kts-phu-kien-so/c1815,Thiết Bị Chơi Game và Phụ Kiện,https://tiki.vn/thiet-bi-choi-game-va-phu-kien/c2667,Phụ Kiện Gaming,https://tiki.vn/phu-kien-gaming/c6742,6742,https://tiki.vn/phu-kien-gaming/c6742
Thiết Bị Số - Phụ Kiện Số,https://tiki.vn/thiet-bi-kts-phu-kien-so/c1815,Thiết Bị Chơi Game và Phụ Kiện,https://tiki.vn/thiet-bi-choi-game-va-phu-kien/c2667,Tay Bấm Game - Thiết Bị Điều Khiển,https://tiki.vn/tay-bam-game-thiet-bi-dieu-khien/c9013,9013,https://tiki.vn/tay-bam-game-thiet-bi-dieu-khien/c9013
Thiết Bị Số - Phụ Kiện Số,https://tiki.vn/thiet-bi-kts-phu-kien-so/c1815,Thiết Bị Đeo Thông Minh và Phụ Kiện,https://tiki.vn/thiet-bi-deo-thong-minh-va-phu-kien/c8039,Mắt Kính Thông Minh,https://tiki.vn/mat-kinh-thong-minh/c8040,8040,https://tiki.vn/mat-kinh-thong-minh/c8040
Thiết Bị Số - Phụ Kiện Số,https://tiki.vn/thiet-bi-kts-phu-kien-so/c1815,Thiết Bị Đeo Thông Minh và Phụ Kiện,https://tiki.vn/thiet-bi-deo-thong-minh-va-phu-kien/c8039,Thiết Bị Thực Tế Ảo VR,https://tiki.vn/thiet-bi-thuc-te-ao-vr/c8042,8042,https://tiki.vn/thiet-bi-thuc-te-ao-vr/c8042
Thiết Bị Số - Phụ Kiện Số,https://tiki.vn/thiet-bi-kts-phu-kien-so/c1815,Thiết Bị Đeo Thông Minh và Phụ Kiện,https://tiki.vn/thiet-bi-deo-thong-minh-va-phu-kien/c8039,Đồng Hồ Thông Minh,https://tiki.vn/dong-ho-thong-minh/c2657,2657,https://tiki.vn/dong-ho-thong-minh/c2657
Thiết Bị Số - Phụ Kiện Số,https://tiki.vn/thiet-bi-kts-phu-kien-so/c1815,Thiết Bị Đeo Thông Minh và Phụ Kiện,https://tiki.vn/thiet-bi-deo-thong-minh-va-phu-kien/c8039,Vòng Đeo Thông Minh - Vòng Theo Dõi Vận Động,https://tiki.vn/vong-deo-thong-minh-vong-theo-doi-van-dong/c8043,8043,https://tiki.vn/vong-deo-thong-minh-vong-theo-doi-van-dong/c8043
Thiết Bị Số - Phụ Kiện Số,https://tiki.vn/thiet-bi-kts-phu-kien-so/c1815,Thiết Bị Đeo Thông Minh và Phụ Kiện,https://tiki.vn/thiet-bi-deo-thong-minh-va-phu-kien/c8039,Phụ Kiện Thiết Bị Đeo Thông Minh,https://tiki.vn/phu-kien-thiet-bi-deo-thong-minh/c28420,28420,https://tiki.vn/phu-kien-thiet-bi-deo-thong-minh/c28420
Thiết Bị Số - Phụ Kiện Số,https://tiki.vn/thiet-bi-kts-phu-kien-so/c1815,Thiết Bị Thông Minh và Linh Kiện Điện Tử,https://tiki.vn/thiet-bi-thong-minh-va-linh-kien-dien-tu/c28432,Thiết Bị Số - Thiết Bị Thông Minh,https://tiki.vn/thiet-bi-so-thiet-bi-thong-minh/c28436,28436,https://tiki.vn/thiet-bi-so-thiet-bi-thong-minh/c28436
Thiết Bị Số - Phụ Kiện Số,https://tiki.vn/thiet-bi-kts-phu-kien-so/c1815,Thiết Bị Thông Minh và Linh Kiện Điện Tử,https://tiki.vn/thiet-bi-thong-minh-va-linh-kien-dien-tu/c28432,Mạch Điện Lập Trình và Linh Kiện Điện Tử,https://tiki.vn/mach-dien-lap-trinh-va-linh-kien-dien-tu/c20246,20246,https://tiki.vn/mach-dien-lap-trinh-va-linh-kien-dien-tu/c20246
Thiết Bị Số - Phụ Kiện Số,https://tiki.vn/thiet-bi-kts-phu-kien-so/c1815,Phụ Kiện Điện Thoại và Máy Tính Bảng,https://tiki.vn/phu-kien-dien-thoai-va-may-tinh-bang/c8214,Thẻ Nhớ và Bộ Nhớ Mở Rộng,https://tiki.vn/the-nho-va-bo-nho-mo-rong/c28448,28448,https://tiki.vn/the-nho-va-bo-nho-mo-rong/c28448
Thiết Bị Số - Phụ Kiện Số,https://tiki.vn/thiet-bi-kts-phu-kien-so/c1815,Phụ Kiện Điện Thoại và Máy Tính Bảng,https://tiki.vn/phu-kien-dien-thoai-va-may-tinh-bang/c8214,SIM Điện Thoại,https://tiki.vn/sim-dien-thoai/c10691,10691,https://tiki.vn/sim-dien-thoai/c10691
Thiết Bị Số - Phụ Kiện Số,https://tiki.vn/thiet-bi-kts-phu-kien-so/c1815,Phụ Kiện Điện Thoại và Máy Tính Bảng,https://tiki.vn/phu-kien-dien-thoai-va-may-tinh-bang/c8214,Pin Sạc Dự Phòng,https://tiki.vn/pin-sac-du-phong/c1821,1821,https://tiki.vn/pin-sac-du-phong/c1821
Thiết Bị Số - Phụ Kiện Số,https://tiki.vn/thiet-bi-kts-phu-kien-so/c1815,Phụ Kiện Điện Thoại và Máy Tính Bảng,https://tiki.vn/phu-kien-dien-thoai-va-may-tinh-bang/c8214,Dây Sạc - Dây Cáp,https://tiki.vn/day-sac-day-cap/c1823,1823,https://tiki.vn/day-sac-day-cap/c1823
Thiết Bị Số - Phụ Kiện Số,https://tiki.vn/thiet-bi-kts-phu-kien-so/c1815,Phụ Kiện Điện Thoại và Máy Tính Bảng,https://tiki.vn/phu-kien-dien-thoai-va-may-tinh-bang/c8214,Adapter - Củ Sạc,https://tiki.vn/adapter-cu-sac/c3803,3803,https://tiki.vn/adapter-cu-sac/c3803
Thiết Bị Số - Phụ Kiện Số,https://tiki.vn/thiet-bi-kts-phu-kien-so/c1815,Phụ Kiện Điện Thoại và Máy Tính Bảng,https://tiki.vn/phu-kien-dien-thoai-va-may-tinh-bang/c8214,Linh Kiện Thay Thế,https://tiki.vn/linh-kien-thay-the/c20234,20234,https://tiki.vn/linh-kien-thay-the/c20234
Thiết Bị Số - Phụ Kiện Số,https://tiki.vn/thiet-bi-kts-phu-kien-so/c1815,Phụ Kiện Điện Thoại và Máy Tính Bảng,https://tiki.vn/phu-kien-dien-thoai-va-may-tinh-bang/c8214,Dụng Cụ Sửa Chữa và Vệ Sinh,https://tiki.vn/dung-cu-sua-chua-va-ve-sinh/c20242,20242,https://tiki.vn/dung-cu-sua-chua-va-ve-sinh/c20242
Thiết Bị Số - Phụ Kiện Số,https://tiki.vn/thiet-bi-kts-phu-kien-so/c1815,Phụ Kiện Điện Thoại và Máy Tính Bảng,https://tiki.vn/phu-kien-dien-thoai-va-may-tinh-bang/c8214,Giá Đỡ - Chân Đế - Móc Dán,https://tiki.vn/gia-do-chan-de-moc-dan/c20220,20220,https://tiki.vn/gia-do-chan-de-moc-dan/c20220
Thiết Bị Số - Phụ Kiện Số,https://tiki.vn/thiet-bi-kts-phu-kien-so/c1815,Phụ Kiện Điện Thoại và Máy Tính Bảng,https://tiki.vn/phu-kien-dien-thoai-va-may-tinh-bang/c8214,Túi Bảo Vệ - Túi Chống Nước,https://tiki.vn/tui-bao-ve-tui-chong-nuoc/c20236,20236,https://tiki.vn/tui-bao-ve-tui-chong-nuoc/c20236
Thiết Bị Số - Phụ Kiện Số,https://tiki.vn/thiet-bi-kts-phu-kien-so/c1815,Phụ Kiện Điện Thoại và Máy Tính Bảng,https://tiki.vn/phu-kien-dien-thoai-va-may-tinh-bang/c8214,Hộp Đựng - Túi Đựng Phụ Kiện,https://tiki.vn/hop-dung-tui-dung-phu-kien/c20244,20244,https://tiki.vn/hop-dung-tui-dung-phu-kien/c20244
Thiết Bị Số - Phụ Kiện Số,https://tiki.vn/thiet-bi-kts-phu-kien-so/c1815,Phụ Kiện Điện Thoại và Máy Tính Bảng,https://tiki.vn/phu-kien-dien-thoai-va-may-tinh-bang/c8214,Vòng Đeo - Đai Đeo,https://tiki.vn/vong-deo-dai-deo/c20240,20240,https://tiki.vn/vong-deo-dai-deo/c20240
Thiết Bị Số - Phụ Kiện Số,https://tiki.vn/thiet-bi-kts-phu-kien-so/c1815,Phụ Kiện Điện Thoại và Máy Tính Bảng,https://tiki.vn/phu-kien-dien-thoai-va-may-tinh-bang/c8214,Dây Đeo và Phụ Kiện Trang Trí,https://tiki.vn/day-deo-va-phu-kien-trang-tri/c20222,20222,https://tiki.vn/day-deo-va-phu-kien-trang-tri/c20222
Thiết Bị Số - Phụ Kiện Số,https://tiki.vn/thiet-bi-kts-phu-kien-so/c1815,Phụ Kiện Điện Thoại và Máy Tính Bảng,https://tiki.vn/phu-kien-dien-thoai-va-may-tinh-bang/c8214,Miếng dán màn hình,https://tiki.vn/mieng-dan-man-hinh/c1824,1824,https://tiki.vn/mieng-dan-man-hinh/c1824
Thiết Bị Số - Phụ Kiện Số,https://tiki.vn/thiet-bi-kts-phu-kien-so/c1815,Phụ Kiện Điện Thoại và Máy Tính Bảng,https://tiki.vn/phu-kien-dien-thoai-va-may-tinh-bang/c8214,Bao Da - Ốp Lưng,https://tiki.vn/bao-da-op-lung/c1822,1822,https://tiki.vn/bao-da-op-lung/c1822
Thiết Bị Số - Phụ Kiện Số,https://tiki.vn/thiet-bi-kts-phu-kien-so/c1815,Phụ Kiện Điện Thoại và Máy Tính Bảng,https://tiki.vn/phu-kien-dien-thoai-va-may-tinh-bang/c8214,Bàn Phím Rời - Bút Cảm Ứng,https://tiki.vn/ban-phim-roi-but-cam-ung/c20238,20238,https://tiki.vn/ban-phim-roi-but-cam-ung/c20238
Thiết Bị Số - Phụ Kiện Số,https://tiki.vn/thiet-bi-kts-phu-kien-so/c1815,Phụ Kiện Điện Thoại và Máy Tính Bảng,https://tiki.vn/phu-kien-dien-thoai-va-may-tinh-bang/c8214,Phụ Kiện Chụp Hình,https://tiki.vn/phu-kien-chup-hinh/c28620,28620,https://tiki.vn/phu-kien-chup-hinh/c28620
Thiết Bị Số - Phụ Kiện Số,https://tiki.vn/thiet-bi-kts-phu-kien-so/c1815,Phụ Kiện Điện Thoại và Máy Tính Bảng,https://tiki.vn/phu-kien-dien-thoai-va-may-tinh-bang/c8214,Phụ Kiện Chơi Game,https://tiki.vn/phu-kien-choi-game/c28624,28624,https://tiki.vn/phu-kien-choi-game/c28624
Thiết Bị Số - Phụ Kiện Số,https://tiki.vn/thiet-bi-kts-phu-kien-so/c1815,Phụ Kiện Điện Thoại và Máy Tính Bảng,https://tiki.vn/phu-kien-dien-thoai-va-may-tinh-bang/c8214,Phụ Kiện Di Động Khác,https://tiki.vn/phu-kien-di-dong-khac/c1819,1819,https://tiki.vn/phu-kien-di-dong-khac/c1819
Thiết Bị Số - Phụ Kiện Số,https://tiki.vn/thiet-bi-kts-phu-kien-so/c1815,Phụ Kiện Điện Thoại và Máy Tính Bảng,https://tiki.vn/phu-kien-dien-thoai-va-may-tinh-bang/c8214,Miếng dán màn hình điện thoại và máy tính bảng,https://tiki.vn/mieng-dan-man-hinh-dien-thoai-va-may-tinh-bang/c69243,69243,https://tiki.vn/mieng-dan-man-hinh-dien-thoai-va-may-tinh-bang/c69243
Thiết Bị Số - Phụ Kiện Số,https://tiki.vn/thiet-bi-kts-phu-kien-so/c1815,Phụ kiện máy tính và Laptop,https://tiki.vn/phu-kien-may-tinh-va-laptop/c28670,Dụng Cụ Vệ Sinh và Sửa Chữa,https://tiki.vn/dung-cu-ve-sinh-va-sua-chua/c28672,28672,https://tiki.vn/dung-cu-ve-sinh-va-sua-chua/c28672
Thiết Bị Số - Phụ Kiện Số,https://tiki.vn/thiet-bi-kts-phu-kien-so/c1815,Phụ kiện máy tính và Laptop,https://tiki.vn/phu-kien-may-tinh-va-laptop/c28670,Phụ Kiện Laptop,https://tiki.vn/phu-kien-laptop/c7795,7795,https://tiki.vn/phu-kien-laptop/c7795
Thiết Bị Số - Phụ Kiện Số,https://tiki.vn/thiet-bi-kts-phu-kien-so/c1815,Phụ kiện máy tính và Laptop,https://tiki.vn/phu-kien-may-tinh-va-laptop/c28670,Webcam Máy Tính,https://tiki.vn/webcam-may-tinh/c4880,4880,https://tiki.vn/webcam-may-tinh/c4880
Thiết Bị Số - Phụ Kiện Số,https://tiki.vn/thiet-bi-kts-phu-kien-so/c1815,Phụ kiện máy tính và Laptop,https://tiki.vn/phu-kien-may-tinh-va-laptop/c28670,Bút Trình Chiếu,https://tiki.vn/but-trinh-chieu/c28688,28688,https://tiki.vn/but-trinh-chieu/c28688
Thiết Bị Số - Phụ Kiện Số,https://tiki.vn/thiet-bi-kts-phu-kien-so/c1815,Phụ kiện máy tính và Laptop,https://tiki.vn/phu-kien-may-tinh-va-laptop/c28670,Bàn Di Chuột - Miếng Lót Chuột,https://tiki.vn/ban-di-chuot-mieng-lot-chuot/c1831,1831,https://tiki.vn/ban-di-chuot-mieng-lot-chuot/c1831
Thiết Bị Số - Phụ Kiện Số,https://tiki.vn/thiet-bi-kts-phu-kien-so/c1815,Phụ kiện máy tính và Laptop,https://tiki.vn/phu-kien-may-tinh-va-laptop/c28670,Phụ Kiện Phím Chuột Văn Phòng,https://tiki.vn/phu-kien-phim-chuot-van-phong/c28690,28690,https://tiki.vn/phu-kien-phim-chuot-van-phong/c28690
Thiết Bị Số - Phụ Kiện Số,https://tiki.vn/thiet-bi-kts-phu-kien-so/c1815,Phụ kiện máy tính và Laptop,https://tiki.vn/phu-kien-may-tinh-va-laptop/c28670,Phụ Kiện Phím Chuột Chơi Game,https://tiki.vn/phu-kien-phim-chuot-choi-game/c28692,28692,https://tiki.vn/phu-kien-phim-chuot-choi-game/c28692
Thiết Bị Số - Phụ Kiện Số,https://tiki.vn/thiet-bi-kts-phu-kien-so/c1815,Phụ kiện máy tính và Laptop,https://tiki.vn/phu-kien-may-tinh-va-laptop/c28670,Tai Nghe Máy Tính,https://tiki.vn/tai-nghe-may-tinh/c28702,28702,https://tiki.vn/tai-nghe-may-tinh/c28702
Thiết Bị Số - Phụ Kiện Số,https://tiki.vn/thiet-bi-kts-phu-kien-so/c1815,Phụ kiện máy tính và Laptop,https://tiki.vn/phu-kien-may-tinh-va-laptop/c28670,Công Cụ Đồ Họa - Thiết Bị Cảm Ứng,https://tiki.vn/cong-cu-do-hoa-thiet-bi-cam-ung/c28706,28706,https://tiki.vn/cong-cu-do-hoa-thiet-bi-cam-ung/c28706
Thiết Bị Số - Phụ Kiện Số,https://tiki.vn/thiet-bi-kts-phu-kien-so/c1815,Phụ kiện máy tính và Laptop,https://tiki.vn/phu-kien-may-tinh-va-laptop/c28670,Các Loại Cáp Chuyển Đổi,https://tiki.vn/cac-loai-cap-chuyen-doi/c12296,12296,https://tiki.vn/cac-loai-cap-chuyen-doi/c12296
Điện Gia Dụng,https://tiki.vn/dien-gia-dung/c1882,,,,,1882,https://tiki.vn/dien-gia-dung/c1882
Điện Gia Dụng,https://tiki.vn/dien-gia-dung/c1882,Đồ dùng nhà bếp,https://tiki.vn/do-dung-nha-bep/c1884,,,1884,https://tiki.vn/do-dung-nha-bep/c1884
Điện Gia Dụng,https://tiki.vn/dien-gia-dung/c1882,Thiết bị gia đình,https://tiki.vn/thiet-bi-gia-dinh/c1946,,,1946,https://tiki.vn/thiet-bi-gia-dinh/c1946
Điện Gia Dụng,https://tiki.vn/dien-gia-dung/c1882,Đồ dùng nhà bếp,https://tiki.vn/do-dung-nha-bep/c1884,Nồi điện các loại,https://tiki.vn/noi-dien-cac-loai/c1892,1892,https://tiki.vn/noi-dien-cac-loai/c1892
Điện Gia Dụng,https://tiki.vn/dien-gia-dung/c1882,Đồ dùng nhà bếp,https://tiki.vn/do-dung-nha-bep/c1884,Bếp các loại,https://tiki.vn/bep-cac-loai/c1885,1885,https://tiki.vn/bep-cac-loai/c1885
Điện Gia Dụng,https://tiki.vn/dien-gia-dung/c1882,Đồ dùng nhà bếp,https://tiki.vn/do-dung-nha-bep/c1884,"Máy hút khói, khử mùi",https://tiki.vn/may-hut-khoi-khu-mui/c4875,4875,https://tiki.vn/may-hut-khoi-khu-mui/c4875
Điện Gia Dụng,https://tiki.vn/dien-gia-dung/c1882,Đồ dùng nhà bếp,https://tiki.vn/do-dung-nha-bep/c1884,Lò vi sóng,https://tiki.vn/lo-vi-song/c2022,2022,https://tiki.vn/lo-vi-song/c2022
Điện Gia Dụng,https://tiki.vn/dien-gia-dung/c1882,Đồ dùng nhà bếp,https://tiki.vn/do-dung-nha-bep/c1884,Lò nướng điện,https://tiki.vn/lo-nuong-dien/c2023,2023,https://tiki.vn/lo-nuong-dien/c2023
Điện Gia Dụng,https://tiki.vn/dien-gia-dung/c1882,Đồ dùng nhà bếp,https://tiki.vn/do-dung-nha-bep/c1884,Vỉ nướng điện,https://tiki.vn/vi-nuong/c2044,2044,https://tiki.vn/vi-nuong/c2044
Điện Gia Dụng,https://tiki.vn/dien-gia-dung/c1882,Đồ dùng nhà bếp,https://tiki.vn/do-dung-nha-bep/c1884,"Máy xay, máy ép",https://tiki.vn/may-xay-may-ep/c2024,2024,https://tiki.vn/may-xay-may-ep/c2024
Điện Gia Dụng,https://tiki.vn/dien-gia-dung/c1882,Đồ dùng nhà bếp,https://tiki.vn/do-dung-nha-bep/c1884,Bình đun siêu tốc,https://tiki.vn/binh-dun-sieu-toc/c1931,1931,https://tiki.vn/binh-dun-sieu-toc/c1931
Điện Gia Dụng,https://tiki.vn/dien-gia-dung/c1882,Đồ dùng nhà bếp,https://tiki.vn/do-dung-nha-bep/c1884,Bình thủy điện,https://tiki.vn/binh-thuy-dien/c1932,1932,https://tiki.vn/binh-thuy-dien/c1932
Điện Gia Dụng,https://tiki.vn/dien-gia-dung/c1882,Đồ dùng nhà bếp,https://tiki.vn/do-dung-nha-bep/c1884,Máy pha cà phê,https://tiki.vn/may-pha-ca-phe/c1939,1939,https://tiki.vn/may-pha-ca-phe/c1939
Điện Gia Dụng,https://tiki.vn/dien-gia-dung/c1882,Đồ dùng nhà bếp,https://tiki.vn/do-dung-nha-bep/c1884,Máy làm kem,https://tiki.vn/may-lam-kem/c8082,8082,https://tiki.vn/may-lam-kem/c8082
Điện Gia Dụng,https://tiki.vn/dien-gia-dung/c1882,Đồ dùng nhà bếp,https://tiki.vn/do-dung-nha-bep/c1884,Máy làm sữa đậu nành,https://tiki.vn/may-lam-sua-dau-nanh/c2025,2025,https://tiki.vn/may-lam-sua-dau-nanh/c2025
Điện Gia Dụng,https://tiki.vn/dien-gia-dung/c1882,Đồ dùng nhà bếp,https://tiki.vn/do-dung-nha-bep/c1884,Máy làm sữa chua,https://tiki.vn/may-lam-sua-chua/c2026,2026,https://tiki.vn/may-lam-sua-chua/c2026
Điện Gia Dụng,https://tiki.vn/dien-gia-dung/c1882,Đồ dùng nhà bếp,https://tiki.vn/do-dung-nha-bep/c1884,Máy làm mì sợi,https://tiki.vn/may-lam-mi-soi/c5363,5363,https://tiki.vn/may-lam-mi-soi/c5363
Điện Gia Dụng,https://tiki.vn/dien-gia-dung/c1882,Đồ dùng nhà bếp,https://tiki.vn/do-dung-nha-bep/c1884,Máy làm bánh,https://tiki.vn/may-lam-banh/c2315,2315,https://tiki.vn/may-lam-banh/c2315
Điện Gia Dụng,https://tiki.vn/dien-gia-dung/c1882,Đồ dùng nhà bếp,https://tiki.vn/do-dung-nha-bep/c1884,Siêu sắc thuốc,https://tiki.vn/sieu-sac-thuoc/c1942,1942,https://tiki.vn/sieu-sac-thuoc/c1942
Điện Gia Dụng,https://tiki.vn/dien-gia-dung/c1882,Đồ dùng nhà bếp,https://tiki.vn/do-dung-nha-bep/c1884,Máy làm tỏi đen,https://tiki.vn/may-lam-toi-den/c7239,7239,https://tiki.vn/may-lam-toi-den/c7239
Điện Gia Dụng,https://tiki.vn/dien-gia-dung/c1882,Đồ dùng nhà bếp,https://tiki.vn/do-dung-nha-bep/c1884,Máy sấy chén,https://tiki.vn/may-say-chen/c23818,23818,https://tiki.vn/may-say-chen/c23818
Điện Gia Dụng,https://tiki.vn/dien-gia-dung/c1882,Đồ dùng nhà bếp,https://tiki.vn/do-dung-nha-bep/c1884,Máy sấy thực phẩm,https://tiki.vn/may-say-thuc-pham/c23820,23820,https://tiki.vn/may-say-thuc-pham/c23820
Điện Gia Dụng,https://tiki.vn/dien-gia-dung/c1882,Đồ dùng nhà bếp,https://tiki.vn/do-dung-nha-bep/c1884,Máy hút chân không,https://tiki.vn/may-hut-chan-khong/c23822,23822,https://tiki.vn/may-hut-chan-khong/c23822
Điện Gia Dụng,https://tiki.vn/dien-gia-dung/c1882,Đồ dùng nhà bếp,https://tiki.vn/do-dung-nha-bep/c1884,Máy hàn miệng túi,https://tiki.vn/may-han-mieng-tui/c23824,23824,https://tiki.vn/may-han-mieng-tui/c23824
Điện Gia Dụng,https://tiki.vn/dien-gia-dung/c1882,Đồ dùng nhà bếp,https://tiki.vn/do-dung-nha-bep/c1884,Máy cắt thịt đông lạnh,https://tiki.vn/may-cat-thit-dong-lanh/c23826,23826,https://tiki.vn/may-cat-thit-dong-lanh/c23826
Điện Gia Dụng,https://tiki.vn/dien-gia-dung/c1882,Đồ dùng nhà bếp,https://tiki.vn/do-dung-nha-bep/c1884,Đồ dùng nhà bếp khác,https://tiki.vn/do-dung-nha-bep-khac/c8728,8728,https://tiki.vn/do-dung-nha-bep-khac/c8728
Điện Gia Dụng,https://tiki.vn/dien-gia-dung/c1882,Đồ dùng nhà bếp,https://tiki.vn/do-dung-nha-bep/c1884,Máy đánh trứng,https://tiki.vn/may-danh-trung/c2108,2108,https://tiki.vn/may-danh-trung/c2108
Điện Gia Dụng,https://tiki.vn/dien-gia-dung/c1882,Thiết bị gia đình,https://tiki.vn/thiet-bi-gia-dinh/c1946,"Bàn ủi, bàn là",https://tiki.vn/ban-ui-ban-la/c1993,1993,https://tiki.vn/ban-ui-ban-la/c1993
Điện Gia Dụng,https://tiki.vn/dien-gia-dung/c1882,Thiết bị gia đình,https://tiki.vn/thiet-bi-gia-dinh/c1946,"Máy may, thêu, vắt sổ",https://tiki.vn/may-may-theu-vat-so/c1997,1997,https://tiki.vn/may-may-theu-vat-so/c1997
Điện Gia Dụng,https://tiki.vn/dien-gia-dung/c1882,Thiết bị gia đình,https://tiki.vn/thiet-bi-gia-dinh/c1946,Quạt điện,https://tiki.vn/quat-dien/c2001,2001,https://tiki.vn/quat-dien/c2001
Điện Gia Dụng,https://tiki.vn/dien-gia-dung/c1882,Thiết bị gia đình,https://tiki.vn/thiet-bi-gia-dinh/c1946,Máy hút bụi,https://tiki.vn/may-hut-bui/c2009,2009,https://tiki.vn/may-hut-bui/c2009
Điện Gia Dụng,https://tiki.vn/dien-gia-dung/c1882,Thiết bị gia đình,https://tiki.vn/thiet-bi-gia-dinh/c1946,Cây Nước Nóng Lạnh,https://tiki.vn/cay-nuoc-nong-lanh/c4876,4876,https://tiki.vn/cay-nuoc-nong-lanh/c4876
Điện Gia Dụng,https://tiki.vn/dien-gia-dung/c1882,Thiết bị gia đình,https://tiki.vn/thiet-bi-gia-dinh/c1946,Máy lọc không khí,https://tiki.vn/may-loc-khong-khi/c2010,2010,https://tiki.vn/may-loc-khong-khi/c2010
Điện Gia Dụng,https://tiki.vn/dien-gia-dung/c1882,Thiết bị gia đình,https://tiki.vn/thiet-bi-gia-dinh/c1946,Máy tạo ẩm,https://tiki.vn/may-tao-am/c5614,5614,https://tiki.vn/may-tao-am/c5614
Điện Gia Dụng,https://tiki.vn/dien-gia-dung/c1882,Thiết bị gia đình,https://tiki.vn/thiet-bi-gia-dinh/c1946,Máy hút ẩm,https://tiki.vn/may-hut-am/c5585,5585,https://tiki.vn/may-hut-am/c5585
Điện Gia Dụng,https://tiki.vn/dien-gia-dung/c1882,Thiết bị gia đình,https://tiki.vn/thiet-bi-gia-dinh/c1946,Máy lọc nước,https://tiki.vn/may-loc-nuoc/c5010,5010,https://tiki.vn/may-loc-nuoc/c5010
Điện Gia Dụng,https://tiki.vn/dien-gia-dung/c1882,Thiết bị gia đình,https://tiki.vn/thiet-bi-gia-dinh/c1946,Máy sấy quần áo,https://tiki.vn/may-say-quan-ao/c5976,5976,https://tiki.vn/may-say-quan-ao/c5976
Điện Gia Dụng,https://tiki.vn/dien-gia-dung/c1882,Thiết bị gia đình,https://tiki.vn/thiet-bi-gia-dinh/c1946,Máy sấy tay,https://tiki.vn/may-say-tay/c5977,5977,https://tiki.vn/may-say-tay/c5977
Điện Gia Dụng,https://tiki.vn/dien-gia-dung/c1882,Thiết bị gia đình,https://tiki.vn/thiet-bi-gia-dinh/c1946,Thiết bị sưởi ấm,https://tiki.vn/thiet-bi-suoi-am/c6510,6510,https://tiki.vn/thiet-bi-suoi-am/c6510
Điện Gia Dụng,https://tiki.vn/dien-gia-dung/c1882,Thiết bị gia đình,https://tiki.vn/thiet-bi-gia-dinh/c1946,Thiết bị chăm sóc cá nhân,https://tiki.vn/thiet-bi-cham-soc-ca-nhan/c55946,55946,https://tiki.vn/thiet-bi-cham-soc-ca-nhan/c55946
Làm Đẹp - Sức Khỏe,https://tiki.vn/lam-dep-suc-khoe/c1520,,,,,1520,https://tiki.vn/lam-dep-suc-khoe/c1520
Làm Đẹp - Sức Khỏe,https://tiki.vn/lam-dep-suc-khoe/c1520,Chăm sóc da mặt,https://tiki.vn/cham-soc-da-mat/c1582,,,1582,https://tiki.vn/cham-soc-da-mat/c1582
Làm Đẹp - Sức Khỏe,https://tiki.vn/lam-dep-suc-khoe/c1520,Trang điểm,https://tiki.vn/trang-diem/c1584,,,1584,https://tiki.vn/trang-diem/c1584
Làm Đẹp - Sức Khỏe,https://tiki.vn/lam-dep-suc-khoe/c1520,Chăm sóc cá nhân,https://tiki.vn/cham-soc-ca-nhan/c1594,,,1594,https://tiki.vn/cham-soc-ca-nhan/c1594
Làm Đẹp - Sức Khỏe,https://tiki.vn/lam-dep-suc-khoe/c1520,Chăm sóc cơ thể,https://tiki.vn/cham-soc-co-the/c1592,,,1592,https://tiki.vn/cham-soc-co-the/c1592
Làm Đẹp - Sức Khỏe,https://tiki.vn/lam-dep-suc-khoe/c1520,Sản phẩm thiên nhiên & Khác,https://tiki.vn/san-pham-thien-nhien-khac/c5873,,,5873,https://tiki.vn/san-pham-thien-nhien-khac/c5873
Làm Đẹp - Sức Khỏe,https://tiki.vn/lam-dep-suc-khoe/c1520,Chăm sóc tóc và da đầu,https://tiki.vn/cham-soc-toc-da-dau/c1591,,,1591,https://tiki.vn/cham-soc-toc-da-dau/c1591
Làm Đẹp - Sức Khỏe,https://tiki.vn/lam-dep-suc-khoe/c1520,Nước hoa,https://tiki.vn/nuoc-hoa/c1595,,,1595,https://tiki.vn/nuoc-hoa/c1595
Làm Đẹp - Sức Khỏe,https://tiki.vn/lam-dep-suc-khoe/c1520,Dụng cụ làm đẹp,https://tiki.vn/dung-cu-lam-dep/c2306,,,2306,https://tiki.vn/dung-cu-lam-dep/c2306
Làm Đẹp - Sức Khỏe,https://tiki.vn/lam-dep-suc-khoe/c1520,Máy Massage & Thiết bị chăm sóc sức khỏe,https://tiki.vn/may-massage-thiet-bi-cham-soc-suc-khoe/c2307,,,2307,https://tiki.vn/may-massage-thiet-bi-cham-soc-suc-khoe/c2307
Làm Đẹp - Sức Khỏe,https://tiki.vn/lam-dep-suc-khoe/c1520,Thực phẩm chức năng,https://tiki.vn/thuc-pham-chuc-nang/c2322,,,2322,https://tiki.vn/thuc-pham-chuc-nang/c2322
Làm Đẹp - Sức Khỏe,https://tiki.vn/lam-dep-suc-khoe/c1520,Hỗ trợ tình dục,https://tiki.vn/ho-tro-tinh-duc/c8142,,,8142,https://tiki.vn/ho-tro-tinh-duc/c8142
Làm Đẹp - Sức Khỏe,https://tiki.vn/lam-dep-suc-khoe/c1520,Chăm sóc răng miệng,https://tiki.vn/cham-soc-rang-mieng/c1625,,,1625,https://tiki.vn/cham-soc-rang-mieng/c1625
Làm Đẹp - Sức Khỏe,https://tiki.vn/lam-dep-suc-khoe/c1520,Chăm sóc da mặt,https://tiki.vn/cham-soc-da-mat/c1582,Mặt nạ,https://tiki.vn/mat-na-cac-loai/c1601,1601,https://tiki.vn/mat-na-cac-loai/c1601
Làm Đẹp - Sức Khỏe,https://tiki.vn/lam-dep-suc-khoe/c1520,Chăm sóc da mặt,https://tiki.vn/cham-soc-da-mat/c1582,Xịt khoáng,https://tiki.vn/xit-khoang/c5872,5872,https://tiki.vn/xit-khoang/c5872
Làm Đẹp - Sức Khỏe,https://tiki.vn/lam-dep-suc-khoe/c1520,Chăm sóc da mặt,https://tiki.vn/cham-soc-da-mat/c1582,Chăm sóc vùng da mắt,https://tiki.vn/cham-soc-vung-da-mat/c3424,3424,https://tiki.vn/cham-soc-vung-da-mat/c3424
Làm Đẹp - Sức Khỏe,https://tiki.vn/lam-dep-suc-khoe/c1520,Chăm sóc da mặt,https://tiki.vn/cham-soc-da-mat/c1582,"Nước hoa hồng, toner",https://tiki.vn/nuoc-hoa-hong-toner/c2347,2347,https://tiki.vn/nuoc-hoa-hong-toner/c2347
Làm Đẹp - Sức Khỏe,https://tiki.vn/lam-dep-suc-khoe/c1520,Chăm sóc da mặt,https://tiki.vn/cham-soc-da-mat/c1582,Kem chống nắng,https://tiki.vn/kem-chong-nang/c3422,3422,https://tiki.vn/kem-chong-nang/c3422
Làm Đẹp - Sức Khỏe,https://tiki.vn/lam-dep-suc-khoe/c1520,Chăm sóc da mặt,https://tiki.vn/cham-soc-da-mat/c1582,Sản phẩm trị mụn và sẹo,https://tiki.vn/san-pham-tri-mun-va-seo/c3426,3426,https://tiki.vn/san-pham-tri-mun-va-seo/c3426
Làm Đẹp - Sức Khỏe,https://tiki.vn/lam-dep-suc-khoe/c1520,Chăm sóc da mặt,https://tiki.vn/cham-soc-da-mat/c1582,Kem và sữa dưỡng da,https://tiki.vn/kem-va-sua-duong-da/c17170,17170,https://tiki.vn/kem-va-sua-duong-da/c17170
Làm Đẹp - Sức Khỏe,https://tiki.vn/lam-dep-suc-khoe/c1520,Chăm sóc da mặt,https://tiki.vn/cham-soc-da-mat/c1582,Sản phẩm chăm sóc da mặt khác,https://tiki.vn/san-pham-cham-soc-da-mat-khac/c17174,17174,https://tiki.vn/san-pham-cham-soc-da-mat-khac/c17174
Làm Đẹp - Sức Khỏe,https://tiki.vn/lam-dep-suc-khoe/c1520,Chăm sóc da mặt,https://tiki.vn/cham-soc-da-mat/c1582,Serum,https://tiki.vn/serum/c53350,53350,https://tiki.vn/serum/c53350
Làm Đẹp - Sức Khỏe,https://tiki.vn/lam-dep-suc-khoe/c1520,Chăm sóc da mặt,https://tiki.vn/cham-soc-da-mat/c1582,Bộ chăm sóc da mặt,https://tiki.vn/bo-cham-soc-da-mat/c8227,8227,https://tiki.vn/bo-cham-soc-da-mat/c8227
Làm Đẹp - Sức Khỏe,https://tiki.vn/lam-dep-suc-khoe/c1520,Chăm sóc da mặt,https://tiki.vn/cham-soc-da-mat/c1582,Sữa rửa mặt,https://tiki.vn/sua-rua-mat/c1583,1583,https://tiki.vn/sua-rua-mat/c1583
Làm Đẹp - Sức Khỏe,https://tiki.vn/lam-dep-suc-khoe/c1520,Chăm sóc da mặt,https://tiki.vn/cham-soc-da-mat/c1582,Tẩy tế bào chết,https://tiki.vn/tay-te-bao-chet/c8206,8206,https://tiki.vn/tay-te-bao-chet/c8206
Làm Đẹp - Sức Khỏe,https://tiki.vn/lam-dep-suc-khoe/c1520,Chăm sóc da mặt,https://tiki.vn/cham-soc-da-mat/c1582,Dung dịch tẩy trang,https://tiki.vn/dung-dich-tay-trang/c11605,11605,https://tiki.vn/dung-dich-tay-trang/c11605
Làm Đẹp - Sức Khỏe,https://tiki.vn/lam-dep-suc-khoe/c1520,Chăm sóc da mặt,https://tiki.vn/cham-soc-da-mat/c1582,Chống lão hóa da,https://tiki.vn/chong-lao-hoa-da/c5893,5893,https://tiki.vn/chong-lao-hoa-da/c5893
Làm Đẹp - Sức Khỏe,https://tiki.vn/lam-dep-suc-khoe/c1520,Chăm sóc da mặt,https://tiki.vn/cham-soc-da-mat/c1582,Bông tẩy trang,https://tiki.vn/bong-tay-trang/c5865,5865,https://tiki.vn/bong-tay-trang/c5865
Làm Đẹp - Sức Khỏe,https://tiki.vn/lam-dep-suc-khoe/c1520,Chăm sóc da mặt,https://tiki.vn/cham-soc-da-mat/c1582,Giấy thấm dầu,https://tiki.vn/giay-tham-dau/c70250,70250,https://tiki.vn/giay-tham-dau/c70250
Làm Đẹp - Sức Khỏe,https://tiki.vn/lam-dep-suc-khoe/c1520,Trang điểm,https://tiki.vn/trang-diem/c1584,Dụng cụ trang điểm,https://tiki.vn/dung-cu-trang-diem/c1589,1589,https://tiki.vn/dung-cu-trang-diem/c1589
Làm Đẹp - Sức Khỏe,https://tiki.vn/lam-dep-suc-khoe/c1520,Trang điểm,https://tiki.vn/trang-diem/c1584,Trang điểm mặt,https://tiki.vn/trang-diem-mat/c1585,1585,https://tiki.vn/trang-diem-mat/c1585
Làm Đẹp - Sức Khỏe,https://tiki.vn/lam-dep-suc-khoe/c1520,Trang điểm,https://tiki.vn/trang-diem/c1584,Trang điểm mắt,https://tiki.vn/trang-diem-mat/c1586,1586,https://tiki.vn/trang-diem-mat/c1586
Làm Đẹp - Sức Khỏe,https://tiki.vn/lam-dep-suc-khoe/c1520,Trang điểm,https://tiki.vn/trang-diem/c1584,Son & Trang điểm môi,https://tiki.vn/son-trang-diem-moi/c1587,1587,https://tiki.vn/son-trang-diem-moi/c1587
Làm Đẹp - Sức Khỏe,https://tiki.vn/lam-dep-suc-khoe/c1520,Trang điểm,https://tiki.vn/trang-diem/c1584,Trang điểm khác,https://tiki.vn/trang-diem-khac/c53354,53354,https://tiki.vn/trang-diem-khac/c53354
Làm Đẹp - Sức Khỏe,https://tiki.vn/lam-dep-suc-khoe/c1520,Trang điểm,https://tiki.vn/trang-diem/c1584,Bộ trang điểm,https://tiki.vn/bo-trang-diem/c8228,8228,https://tiki.vn/bo-trang-diem/c8228
Làm Đẹp - Sức Khỏe,https://tiki.vn/lam-dep-suc-khoe/c1520,Chăm sóc cá nhân,https://tiki.vn/cham-soc-ca-nhan/c1594,Dung dịch vệ sinh,https://tiki.vn/dung-dich-ve-sinh/c1752,1752,https://tiki.vn/dung-dich-ve-sinh/c1752
Làm Đẹp - Sức Khỏe,https://tiki.vn/lam-dep-suc-khoe/c1520,Chăm sóc cá nhân,https://tiki.vn/cham-soc-ca-nhan/c1594,Sản phẩm chăm sóc cá nhân khác,https://tiki.vn/san-pham-cham-soc-ca-nhan-khac/c17186,17186,https://tiki.vn/san-pham-cham-soc-ca-nhan-khac/c17186
Làm Đẹp - Sức Khỏe,https://tiki.vn/lam-dep-suc-khoe/c1520,Chăm sóc cá nhân,https://tiki.vn/cham-soc-ca-nhan/c1594,"Băng vệ sinh, cốc nguyệt san",https://tiki.vn/bang-ve-sinh-coc-nguyet-san/c8300,8300,https://tiki.vn/bang-ve-sinh-coc-nguyet-san/c8300
Làm Đẹp - Sức Khỏe,https://tiki.vn/lam-dep-suc-khoe/c1520,Chăm sóc cá nhân,https://tiki.vn/cham-soc-ca-nhan/c1594,Khăn giấy ướt,https://tiki.vn/khan-giay-uot/c4408,4408,https://tiki.vn/khan-giay-uot/c4408
Làm Đẹp - Sức Khỏe,https://tiki.vn/lam-dep-suc-khoe/c1520,Chăm sóc cá nhân,https://tiki.vn/cham-soc-ca-nhan/c1594,Sản phẩm tẩy lông,https://tiki.vn/san-pham-tay-long/c3449,3449,https://tiki.vn/san-pham-tay-long/c3449
Làm Đẹp - Sức Khỏe,https://tiki.vn/lam-dep-suc-khoe/c1520,Chăm sóc cá nhân,https://tiki.vn/cham-soc-ca-nhan/c1594,"Lăn, xịt khử mùi",https://tiki.vn/lan-xit-khu-mui/c17162,17162,https://tiki.vn/lan-xit-khu-mui/c17162
Làm Đẹp - Sức Khỏe,https://tiki.vn/lam-dep-suc-khoe/c1520,Chăm sóc cá nhân,https://tiki.vn/cham-soc-ca-nhan/c1594,Chăm sóc mắt,https://tiki.vn/cham-soc-mat/c2162,2162,https://tiki.vn/cham-soc-mat/c2162
Làm Đẹp - Sức Khỏe,https://tiki.vn/lam-dep-suc-khoe/c1520,Chăm sóc cơ thể,https://tiki.vn/cham-soc-co-the/c1592,Bộ chăm sóc toàn thân,https://tiki.vn/bo-cham-soc-toan-than/c11757,11757,https://tiki.vn/bo-cham-soc-toan-than/c11757
Làm Đẹp - Sức Khỏe,https://tiki.vn/lam-dep-suc-khoe/c1520,Chăm sóc cơ thể,https://tiki.vn/cham-soc-co-the/c1592,Chăm sóc ngực,https://tiki.vn/cham-soc-nguc/c8218,8218,https://tiki.vn/cham-soc-nguc/c8218
Làm Đẹp - Sức Khỏe,https://tiki.vn/lam-dep-suc-khoe/c1520,Chăm sóc cơ thể,https://tiki.vn/cham-soc-co-the/c1592,Dưỡng Thể,https://tiki.vn/duong-the/c1610,1610,https://tiki.vn/duong-the/c1610
Làm Đẹp - Sức Khỏe,https://tiki.vn/lam-dep-suc-khoe/c1520,Chăm sóc cơ thể,https://tiki.vn/cham-soc-co-the/c1592,Kem tan mỡ,https://tiki.vn/kem-tan-mo/c11755,11755,https://tiki.vn/kem-tan-mo/c11755
Làm Đẹp - Sức Khỏe,https://tiki.vn/lam-dep-suc-khoe/c1520,Chăm sóc cơ thể,https://tiki.vn/cham-soc-co-the/c1592,Massage toàn thân,https://tiki.vn/massage-toan-than/c11733,11733,https://tiki.vn/massage-toan-than/c11733
Làm Đẹp - Sức Khỏe,https://tiki.vn/lam-dep-suc-khoe/c1520,Chăm sóc cơ thể,https://tiki.vn/cham-soc-co-the/c1592,Tắm và dụng cụ tắm,https://tiki.vn/tam-va-dung-cu-tam/c8212,8212,https://tiki.vn/tam-va-dung-cu-tam/c8212
Làm Đẹp - Sức Khỏe,https://tiki.vn/lam-dep-suc-khoe/c1520,Chăm sóc cơ thể,https://tiki.vn/cham-soc-co-the/c1592,Sản phẩm chống nắng,https://tiki.vn/san-pham-chong-nang/c1615,1615,https://tiki.vn/san-pham-chong-nang/c1615
Làm Đẹp - Sức Khỏe,https://tiki.vn/lam-dep-suc-khoe/c1520,Chăm sóc cơ thể,https://tiki.vn/cham-soc-co-the/c1592,Trị rạn nứt da,https://tiki.vn/tri-ran-nut-da/c11753,11753,https://tiki.vn/tri-ran-nut-da/c11753
Làm Đẹp - Sức Khỏe,https://tiki.vn/lam-dep-suc-khoe/c1520,Chăm sóc cơ thể,https://tiki.vn/cham-soc-co-the/c1592,Sản phẩm sạch khuẩn,https://tiki.vn/san-pham-sach-khuan/c8308,8308,https://tiki.vn/san-pham-sach-khuan/c8308
Làm Đẹp - Sức Khỏe,https://tiki.vn/lam-dep-suc-khoe/c1520,Chăm sóc cơ thể,https://tiki.vn/cham-soc-co-the/c1592,Sản phẩm chăm sóc cơ thể khác,https://tiki.vn/san-pham-cham-soc-co-the-khac/c8309,8309,https://tiki.vn/san-pham-cham-soc-co-the-khac/c8309
Làm Đẹp - Sức Khỏe,https://tiki.vn/lam-dep-suc-khoe/c1520,Chăm sóc cơ thể,https://tiki.vn/cham-soc-co-the/c1592,Bộ chăm sóc cơ thể,https://tiki.vn/bo-cham-soc-co-the/c8226,8226,https://tiki.vn/bo-cham-soc-co-the/c8226
Làm Đẹp - Sức Khỏe,https://tiki.vn/lam-dep-suc-khoe/c1520,Chăm sóc cơ thể,https://tiki.vn/cham-soc-co-the/c1592,Tẩy tế bào chết cơ thể,https://tiki.vn/tay-te-bao-chet-co-the/c8220,8220,https://tiki.vn/tay-te-bao-chet-co-the/c8220
Làm Đẹp - Sức Khỏe,https://tiki.vn/lam-dep-suc-khoe/c1520,Sản phẩm thiên nhiên & Khác,https://tiki.vn/san-pham-thien-nhien-khac/c5873,Tinh dầu,https://tiki.vn/tinh-dau/c8602,8602,https://tiki.vn/tinh-dau/c8602
Làm Đẹp - Sức Khỏe,https://tiki.vn/lam-dep-suc-khoe/c1520,Sản phẩm thiên nhiên & Khác,https://tiki.vn/san-pham-thien-nhien-khac/c5873,Nến thơm,https://tiki.vn/nen-thom/c8224,8224,https://tiki.vn/nen-thom/c8224
Làm Đẹp - Sức Khỏe,https://tiki.vn/lam-dep-suc-khoe/c1520,Sản phẩm thiên nhiên & Khác,https://tiki.vn/san-pham-thien-nhien-khac/c5873,Sản phẩm thiên nhiên làm đẹp,https://tiki.vn/san-pham-thien-nhien-lam-dep/c11868,11868,https://tiki.vn/san-pham-thien-nhien-lam-dep/c11868
Làm Đẹp - Sức Khỏe,https://tiki.vn/lam-dep-suc-khoe/c1520,Sản phẩm thiên nhiên & Khác,https://tiki.vn/san-pham-thien-nhien-khac/c5873,Đèn xông,https://tiki.vn/den-xong/c8225,8225,https://tiki.vn/den-xong/c8225
Làm Đẹp - Sức Khỏe,https://tiki.vn/lam-dep-suc-khoe/c1520,Chăm sóc tóc và da đầu,https://tiki.vn/cham-soc-toc-da-dau/c1591,"Dầu gội, dầu xả",https://tiki.vn/dau-goi-dau-xa/c8222,8222,https://tiki.vn/dau-goi-dau-xa/c8222
Làm Đẹp - Sức Khỏe,https://tiki.vn/lam-dep-suc-khoe/c1520,Chăm sóc tóc và da đầu,https://tiki.vn/cham-soc-toc-da-dau/c1591,Tạo kiểu tóc,https://tiki.vn/tao-kieu-toc/c1620,1620,https://tiki.vn/tao-kieu-toc/c1620
Làm Đẹp - Sức Khỏe,https://tiki.vn/lam-dep-suc-khoe/c1520,Chăm sóc tóc và da đầu,https://tiki.vn/cham-soc-toc-da-dau/c1591,Thuốc nhuộm tóc,https://tiki.vn/thuoc-nhuom/c1623,1623,https://tiki.vn/thuoc-nhuom/c1623
Làm Đẹp - Sức Khỏe,https://tiki.vn/lam-dep-suc-khoe/c1520,Chăm sóc tóc và da đầu,https://tiki.vn/cham-soc-toc-da-dau/c1591,"Dưỡng tóc, ủ tóc",https://tiki.vn/duong-toc-u-toc/c7065,7065,https://tiki.vn/duong-toc-u-toc/c7065
Làm Đẹp - Sức Khỏe,https://tiki.vn/lam-dep-suc-khoe/c1520,Chăm sóc tóc và da đầu,https://tiki.vn/cham-soc-toc-da-dau/c1591,Bộ chăm sóc tóc,https://tiki.vn/bo-cham-soc-toc/c7061,7061,https://tiki.vn/bo-cham-soc-toc/c7061
Làm Đẹp - Sức Khỏe,https://tiki.vn/lam-dep-suc-khoe/c1520,Nước hoa,https://tiki.vn/nuoc-hoa/c1595,Nước hoa nữ,https://tiki.vn/nuoc-hoa-nu/c1636,1636,https://tiki.vn/nuoc-hoa-nu/c1636
Làm Đẹp - Sức Khỏe,https://tiki.vn/lam-dep-suc-khoe/c1520,Nước hoa,https://tiki.vn/nuoc-hoa/c1595,Nước hoa nam,https://tiki.vn/nuoc-hoa-nam/c1637,1637,https://tiki.vn/nuoc-hoa-nam/c1637
Làm Đẹp - Sức Khỏe,https://tiki.vn/lam-dep-suc-khoe/c1520,Nước hoa,https://tiki.vn/nuoc-hoa/c1595,Nước hoa vùng kín,https://tiki.vn/nuoc-hoa-vung-kin/c68189,68189,https://tiki.vn/nuoc-hoa-vung-kin/c68189
Làm Đẹp - Sức Khỏe,https://tiki.vn/lam-dep-suc-khoe/c1520,Nước hoa,https://tiki.vn/nuoc-hoa/c1595,Xịt thơm cơ thể,https://tiki.vn/xit-thom-co-the/c68190,68190,https://tiki.vn/xit-thom-co-the/c68190
Làm Đẹp - Sức Khỏe,https://tiki.vn/lam-dep-suc-khoe/c1520,Dụng cụ làm đẹp,https://tiki.vn/dung-cu-lam-dep/c2306,Dụng cụ làm đẹp khác,https://tiki.vn/dung-cu-lam-dep-khac/c8167,8167,https://tiki.vn/dung-cu-lam-dep-khac/c8167
Làm Đẹp - Sức Khỏe,https://tiki.vn/lam-dep-suc-khoe/c1520,Dụng cụ làm đẹp,https://tiki.vn/dung-cu-lam-dep/c2306,Dụng cụ tạo kiểu tóc,https://tiki.vn/dung-cu-tao-kieu-toc/c8166,8166,https://tiki.vn/dung-cu-tao-kieu-toc/c8166
Làm Đẹp - Sức Khỏe,https://tiki.vn/lam-dep-suc-khoe/c1520,Dụng cụ làm đẹp,https://tiki.vn/dung-cu-lam-dep/c2306,Dụng cụ tẩy lông,https://tiki.vn/dung-cu-tay-long/c8165,8165,https://tiki.vn/dung-cu-tay-long/c8165
Làm Đẹp - Sức Khỏe,https://tiki.vn/lam-dep-suc-khoe/c1520,Dụng cụ làm đẹp,https://tiki.vn/dung-cu-lam-dep/c2306,Massage thư giãn và làm đẹp,https://tiki.vn/massage-thu-gian-va-lam-dep/c8164,8164,https://tiki.vn/massage-thu-gian-va-lam-dep/c8164
Làm Đẹp - Sức Khỏe,https://tiki.vn/lam-dep-suc-khoe/c1520,Dụng cụ làm đẹp,https://tiki.vn/dung-cu-lam-dep/c2306,Máy xông da mặt,https://tiki.vn/may-xong-da-mat/c11937,11937,https://tiki.vn/may-xong-da-mat/c11937
Làm Đẹp - Sức Khỏe,https://tiki.vn/lam-dep-suc-khoe/c1520,Dụng cụ làm đẹp,https://tiki.vn/dung-cu-lam-dep/c2306,Dụng cụ cắt tóc,https://tiki.vn/dung-cu-cat-toc/c1634,1634,https://tiki.vn/dung-cu-cat-toc/c1634
Làm Đẹp - Sức Khỏe,https://tiki.vn/lam-dep-suc-khoe/c1520,Dụng cụ làm đẹp,https://tiki.vn/dung-cu-lam-dep/c2306,Máy & Dụng cụ rửa mặt,https://tiki.vn/may-dung-cu-rua-mat/c5905,5905,https://tiki.vn/may-dung-cu-rua-mat/c5905
Làm Đẹp - Sức Khỏe,https://tiki.vn/lam-dep-suc-khoe/c1520,Dụng cụ làm đẹp,https://tiki.vn/dung-cu-lam-dep/c2306,Máy hút mụn,https://tiki.vn/may-hut-mun/c11689,11689,https://tiki.vn/may-hut-mun/c11689
Làm Đẹp - Sức Khỏe,https://tiki.vn/lam-dep-suc-khoe/c1520,Dụng cụ làm đẹp,https://tiki.vn/dung-cu-lam-dep/c2306,Chăm sóc móng,https://tiki.vn/cham-soc-mong/c1590,1590,https://tiki.vn/cham-soc-mong/c1590
Làm Đẹp - Sức Khỏe,https://tiki.vn/lam-dep-suc-khoe/c1520,Dụng cụ làm đẹp,https://tiki.vn/dung-cu-lam-dep/c2306,Dụng cụ tỉa lông mũi,https://tiki.vn/dung-cu-tia-long-mui/c68283,68283,https://tiki.vn/dung-cu-tia-long-mui/c68283
Làm Đẹp - Sức Khỏe,https://tiki.vn/lam-dep-suc-khoe/c1520,Dụng cụ làm đẹp,https://tiki.vn/dung-cu-lam-dep/c2306,"Đai, nịt làm đẹp",https://tiki.vn/dai-nit-lam-dep/c68285,68285,https://tiki.vn/dai-nit-lam-dep/c68285
Làm Đẹp - Sức Khỏe,https://tiki.vn/lam-dep-suc-khoe/c1520,Máy Massage & Thiết bị chăm sóc sức khỏe,https://tiki.vn/may-massage-thiet-bi-cham-soc-suc-khoe/c2307,Dụng cụ theo dõi sức khỏe,https://tiki.vn/dung-cu-theo-doi-suc-khoe/c11903,11903,https://tiki.vn/dung-cu-theo-doi-suc-khoe/c11903
Làm Đẹp - Sức Khỏe,https://tiki.vn/lam-dep-suc-khoe/c1520,Máy Massage & Thiết bị chăm sóc sức khỏe,https://tiki.vn/may-massage-thiet-bi-cham-soc-suc-khoe/c2307,Máy xông mũi họng,https://tiki.vn/may-xong-mui-hong/c11925,11925,https://tiki.vn/may-xong-mui-hong/c11925
Làm Đẹp - Sức Khỏe,https://tiki.vn/lam-dep-suc-khoe/c1520,Máy Massage & Thiết bị chăm sóc sức khỏe,https://tiki.vn/may-massage-thiet-bi-cham-soc-suc-khoe/c2307,"Que thử thai, rụng trứng",https://tiki.vn/que-thu-thai-rung-trung/c11921,11921,https://tiki.vn/que-thu-thai-rung-trung/c11921
Làm Đẹp - Sức Khỏe,https://tiki.vn/lam-dep-suc-khoe/c1520,Máy Massage & Thiết bị chăm sóc sức khỏe,https://tiki.vn/may-massage-thiet-bi-cham-soc-suc-khoe/c2307,Thiết bị y tế chuyên dụng,https://tiki.vn/thiet-bi-y-te-chuyen-dung/c2342,2342,https://tiki.vn/thiet-bi-y-te-chuyen-dung/c2342
Làm Đẹp - Sức Khỏe,https://tiki.vn/lam-dep-suc-khoe/c1520,Máy Massage & Thiết bị chăm sóc sức khỏe,https://tiki.vn/may-massage-thiet-bi-cham-soc-suc-khoe/c2307,Thiết bị khác,https://tiki.vn/thiet-bi-khac/c8172,8172,https://tiki.vn/thiet-bi-khac/c8172
Làm Đẹp - Sức Khỏe,https://tiki.vn/lam-dep-suc-khoe/c1520,Máy Massage & Thiết bị chăm sóc sức khỏe,https://tiki.vn/may-massage-thiet-bi-cham-soc-suc-khoe/c2307,Túi chườm,https://tiki.vn/tui-chuom/c11923,11923,https://tiki.vn/tui-chuom/c11923
Làm Đẹp - Sức Khỏe,https://tiki.vn/lam-dep-suc-khoe/c1520,Máy Massage & Thiết bị chăm sóc sức khỏe,https://tiki.vn/may-massage-thiet-bi-cham-soc-suc-khoe/c2307,Dụng cụ sơ cứu,https://tiki.vn/dung-cu-so-cuu/c11929,11929,https://tiki.vn/dung-cu-so-cuu/c11929
Làm Đẹp - Sức Khỏe,https://tiki.vn/lam-dep-suc-khoe/c1520,Máy Massage & Thiết bị chăm sóc sức khỏe,https://tiki.vn/may-massage-thiet-bi-cham-soc-suc-khoe/c2307,Vớ y khoa,https://tiki.vn/vo-y-khoa/c11931,11931,https://tiki.vn/vo-y-khoa/c11931
Làm Đẹp - Sức Khỏe,https://tiki.vn/lam-dep-suc-khoe/c1520,Máy Massage & Thiết bị chăm sóc sức khỏe,https://tiki.vn/may-massage-thiet-bi-cham-soc-suc-khoe/c2307,Băng keo cá nhân,https://tiki.vn/bang-keo-ca-nhan/c1633,1633,https://tiki.vn/bang-keo-ca-nhan/c1633
Làm Đẹp - Sức Khỏe,https://tiki.vn/lam-dep-suc-khoe/c1520,Máy Massage & Thiết bị chăm sóc sức khỏe,https://tiki.vn/may-massage-thiet-bi-cham-soc-suc-khoe/c2307,Khẩu trang y tế,https://tiki.vn/khau-trang-y-te/c8305,8305,https://tiki.vn/khau-trang-y-te/c8305
Làm Đẹp - Sức Khỏe,https://tiki.vn/lam-dep-suc-khoe/c1520,Máy Massage & Thiết bị chăm sóc sức khỏe,https://tiki.vn/may-massage-thiet-bi-cham-soc-suc-khoe/c2307,"Hỗ trợ giấc ngủ, giảm ngáy",https://tiki.vn/ho-tro-giac-ngu-giam-ngay/c68211,68211,https://tiki.vn/ho-tro-giac-ngu-giam-ngay/c68211
Làm Đẹp - Sức Khỏe,https://tiki.vn/lam-dep-suc-khoe/c1520,Máy Massage & Thiết bị chăm sóc sức khỏe,https://tiki.vn/may-massage-thiet-bi-cham-soc-suc-khoe/c2307,Dụng cụ định hình,https://tiki.vn/dung-cu-dinh-hinh/c11939,11939,https://tiki.vn/dung-cu-dinh-hinh/c11939
Làm Đẹp - Sức Khỏe,https://tiki.vn/lam-dep-suc-khoe/c1520,Thực phẩm chức năng,https://tiki.vn/thuc-pham-chuc-nang/c2322,Thực phẩm chức năng làm đẹp,https://tiki.vn/thuc-pham-cho-sac-sep/c2826,2826,https://tiki.vn/thuc-pham-cho-sac-sep/c2826
Làm Đẹp - Sức Khỏe,https://tiki.vn/lam-dep-suc-khoe/c1520,Thực phẩm chức năng,https://tiki.vn/thuc-pham-chuc-nang/c2322,Thực phẩm chức năng thiên nhiên,https://tiki.vn/san-pham-thao-moc-thuc-uong/c2827,2827,https://tiki.vn/san-pham-thao-moc-thuc-uong/c2827
Làm Đẹp - Sức Khỏe,https://tiki.vn/lam-dep-suc-khoe/c1520,Thực phẩm chức năng,https://tiki.vn/thuc-pham-chuc-nang/c2322,Vitamin và Khoáng chất,https://tiki.vn/vitamin-va-khoang-chat/c55950,55950,https://tiki.vn/vitamin-va-khoang-chat/c55950
Làm Đẹp - Sức Khỏe,https://tiki.vn/lam-dep-suc-khoe/c1520,Thực phẩm chức năng,https://tiki.vn/thuc-pham-chuc-nang/c2322,Cơ xương khớp,https://tiki.vn/co-xuong-khop/c56014,56014,https://tiki.vn/co-xuong-khop/c56014
Làm Đẹp - Sức Khỏe,https://tiki.vn/lam-dep-suc-khoe/c1520,Thực phẩm chức năng,https://tiki.vn/thuc-pham-chuc-nang/c2322,Hỗ trợ trí não,https://tiki.vn/ho-tro-tri-nao/c11861,11861,https://tiki.vn/ho-tro-tri-nao/c11861
Làm Đẹp - Sức Khỏe,https://tiki.vn/lam-dep-suc-khoe/c1520,Thực phẩm chức năng,https://tiki.vn/thuc-pham-chuc-nang/c2322,Hỗ trợ tiêu hóa,https://tiki.vn/ho-tro-tieu-hoa/c11869,11869,https://tiki.vn/ho-tro-tieu-hoa/c11869
Làm Đẹp - Sức Khỏe,https://tiki.vn/lam-dep-suc-khoe/c1520,Thực phẩm chức năng,https://tiki.vn/thuc-pham-chuc-nang/c2322,Hỗ trợ mắt,https://tiki.vn/ho-tro-mat/c11867,11867,https://tiki.vn/ho-tro-mat/c11867
Làm Đẹp - Sức Khỏe,https://tiki.vn/lam-dep-suc-khoe/c1520,Thực phẩm chức năng,https://tiki.vn/thuc-pham-chuc-nang/c2322,Hỗ trợ tim mạch,https://tiki.vn/ho-tro-tim-mach/c11871,11871,https://tiki.vn/ho-tro-tim-mach/c11871
Làm Đẹp - Sức Khỏe,https://tiki.vn/lam-dep-suc-khoe/c1520,Thực phẩm chức năng,https://tiki.vn/thuc-pham-chuc-nang/c2322,Tăng cường hệ miễn dịch,https://tiki.vn/tang-cuong-he-mien-dich/c11873,11873,https://tiki.vn/tang-cuong-he-mien-dich/c11873
Làm Đẹp - Sức Khỏe,https://tiki.vn/lam-dep-suc-khoe/c1520,Thực phẩm chức năng,https://tiki.vn/thuc-pham-chuc-nang/c2322,Hỗ trợ tiểu đường,https://tiki.vn/ho-tro-tieu-duong/c11863,11863,https://tiki.vn/ho-tro-tieu-duong/c11863
Làm Đẹp - Sức Khỏe,https://tiki.vn/lam-dep-suc-khoe/c1520,Thực phẩm chức năng,https://tiki.vn/thuc-pham-chuc-nang/c2322,Thải độc cơ thể,https://tiki.vn/thai-doc-co-the/c11875,11875,https://tiki.vn/thai-doc-co-the/c11875
Làm Đẹp - Sức Khỏe,https://tiki.vn/lam-dep-suc-khoe/c1520,Thực phẩm chức năng,https://tiki.vn/thuc-pham-chuc-nang/c2322,Sinh lý - Nội tiết tố,https://tiki.vn/sinh-ly-noi-tiet-to/c56030,56030,https://tiki.vn/sinh-ly-noi-tiet-to/c56030
Làm Đẹp - Sức Khỏe,https://tiki.vn/lam-dep-suc-khoe/c1520,Hỗ trợ tình dục,https://tiki.vn/ho-tro-tinh-duc/c8142,Bao cao su,https://tiki.vn/bao-cao-su/c1630,1630,https://tiki.vn/bao-cao-su/c1630
Làm Đẹp - Sức Khỏe,https://tiki.vn/lam-dep-suc-khoe/c1520,Hỗ trợ tình dục,https://tiki.vn/ho-tro-tinh-duc/c8142,Gel bôi trơn,https://tiki.vn/gel-boi-tron/c1631,1631,https://tiki.vn/gel-boi-tron/c1631
Làm Đẹp - Sức Khỏe,https://tiki.vn/lam-dep-suc-khoe/c1520,Chăm sóc răng miệng,https://tiki.vn/cham-soc-rang-mieng/c1625,Nước súc miệng,https://tiki.vn/nuoc-suc-mieng/c1627,1627,https://tiki.vn/nuoc-suc-mieng/c1627
Làm Đẹp - Sức Khỏe,https://tiki.vn/lam-dep-suc-khoe/c1520,Chăm sóc răng miệng,https://tiki.vn/cham-soc-rang-mieng/c1625,Bàn chải đánh răng,https://tiki.vn/ban-chai-danh-rang/c11833,11833,https://tiki.vn/ban-chai-danh-rang/c11833
Làm Đẹp - Sức Khỏe,https://tiki.vn/lam-dep-suc-khoe/c1520,Chăm sóc răng miệng,https://tiki.vn/cham-soc-rang-mieng/c1625,Kem đánh răng,https://tiki.vn/kem-danh-rang/c11835,11835,https://tiki.vn/kem-danh-rang/c11835
Làm Đẹp - Sức Khỏe,https://tiki.vn/lam-dep-suc-khoe/c1520,Chăm sóc răng miệng,https://tiki.vn/cham-soc-rang-mieng/c1625,Tẩy trắng răng,https://tiki.vn/tay-trang-rang/c11837,11837,https://tiki.vn/tay-trang-rang/c11837
Làm Đẹp - Sức Khỏe,https://tiki.vn/lam-dep-suc-khoe/c1520,Chăm sóc răng miệng,https://tiki.vn/cham-soc-rang-mieng/c1625,Bộ sản phẩm chăm sóc răng miệng,https://tiki.vn/bo-san-pham-cham-soc-rang-mieng/c10228,10228,https://tiki.vn/bo-san-pham-cham-soc-rang-mieng/c10228
Làm Đẹp - Sức Khỏe,https://tiki.vn/lam-dep-suc-khoe/c1520,Chăm sóc răng miệng,https://tiki.vn/cham-soc-rang-mieng/c1625,Thiết bị chăm sóc răng,https://tiki.vn/thiet-bi-cham-soc-rang/c1626,1626,https://tiki.vn/thiet-bi-cham-soc-rang/c1626
Làm Đẹp - Sức Khỏe,https://tiki.vn/lam-dep-suc-khoe/c1520,Chăm sóc răng miệng,https://tiki.vn/cham-soc-rang-mieng/c1625,"Chỉ, tăm nha khoa",https://tiki.vn/chi-tam-nha-khoa/c68319,68319,https://tiki.vn/chi-tam-nha-khoa/c68319
Làm Đẹp - Sức Khỏe,https://tiki.vn/lam-dep-suc-khoe/c1520,Chăm sóc răng miệng,https://tiki.vn/cham-soc-rang-mieng/c1625,Máy tăm nước,https://tiki.vn/may-tam-nuoc/c68324,68324,https://tiki.vn/may-tam-nuoc/c68324
Làm Đẹp - Sức Khỏe,https://tiki.vn/lam-dep-suc-khoe/c1520,Chăm sóc răng miệng,https://tiki.vn/cham-soc-rang-mieng/c1625,Sản phẩm làm sạch lưỡi,https://tiki.vn/san-pham-lam-sach-luoi/c68329,68329,https://tiki.vn/san-pham-lam-sach-luoi/c68329
Làm Đẹp - Sức Khỏe,https://tiki.vn/lam-dep-suc-khoe/c1520,Chăm sóc răng miệng,https://tiki.vn/cham-soc-rang-mieng/c1625,"Xịt, miếng ngậm thơm miệng",https://tiki.vn/xit-mieng-ngam-thom-mieng/c68330,68330,https://tiki.vn/xit-mieng-ngam-thom-mieng/c68330
Ô Tô - Xe Máy - Xe Đạp,https://tiki.vn/o-to-xe-may-xe-dap/c8594,,,,,8594,https://tiki.vn/o-to-xe-may-xe-dap/c8594
Ô Tô - Xe Máy - Xe Đạp,https://tiki.vn/o-to-xe-may-xe-dap/c8594,Xe máy,https://tiki.vn/xe-may/c8597,,,8597,https://tiki.vn/xe-may/c8597
Ô Tô - Xe Máy - Xe Đạp,https://tiki.vn/o-to-xe-may-xe-dap/c8594,Xe điện,https://tiki.vn/xe-dien/c6070,,,6070,https://tiki.vn/xe-dien/c6070
Ô Tô - Xe Máy - Xe Đạp,https://tiki.vn/o-to-xe-may-xe-dap/c8594,Xe đạp,https://tiki.vn/xe-dap/c8431,,,8431,https://tiki.vn/xe-dap/c8431
Ô Tô - Xe Máy - Xe Đạp,https://tiki.vn/o-to-xe-may-xe-dap/c8594,Ô tô,https://tiki.vn/o-to/c8595,,,8595,https://tiki.vn/o-to/c8595
Ô Tô - Xe Máy - Xe Đạp,https://tiki.vn/o-to-xe-may-xe-dap/c8594,Phụ kiện - Chăm sóc xe,https://tiki.vn/phu-kien-cham-soc-xe/c24832,,,24832,https://tiki.vn/phu-kien-cham-soc-xe/c24832
Ô Tô - Xe Máy - Xe Đạp,https://tiki.vn/o-to-xe-may-xe-dap/c8594,"Dịch vụ, lắp đặt",https://tiki.vn/dich-vu-lap-dat/c17208,,,17208,https://tiki.vn/dich-vu-lap-dat/c17208
Ô Tô - Xe Máy - Xe Đạp,https://tiki.vn/o-to-xe-may-xe-dap/c8594,Xe máy,https://tiki.vn/xe-may/c8597,Xe tay ga,https://tiki.vn/xe-tay-ga/c11878,11878,https://tiki.vn/xe-tay-ga/c11878
Ô Tô - Xe Máy - Xe Đạp,https://tiki.vn/o-to-xe-may-xe-dap/c8594,Xe máy,https://tiki.vn/xe-may/c8597,Xe số,https://tiki.vn/xe-so/c11882,11882,https://tiki.vn/xe-so/c11882
Ô Tô - Xe Máy - Xe Đạp,https://tiki.vn/o-to-xe-may-xe-dap/c8594,Xe máy,https://tiki.vn/xe-may/c8597,Xe mô tô,https://tiki.vn/xe-mo-to/c11888,11888,https://tiki.vn/xe-mo-to/c11888
Ô Tô - Xe Máy - Xe Đạp,https://tiki.vn/o-to-xe-may-xe-dap/c8594,Xe máy,https://tiki.vn/xe-may/c8597,Xe côn tay,https://tiki.vn/xe-con-tay/c11884,11884,https://tiki.vn/xe-con-tay/c11884
Ô Tô - Xe Máy - Xe Đạp,https://tiki.vn/o-to-xe-may-xe-dap/c8594,Xe máy,https://tiki.vn/xe-may/c8597,Xe 50cc,https://tiki.vn/xe-50cc/c13100,13100,https://tiki.vn/xe-50cc/c13100
Ô Tô - Xe Máy - Xe Đạp,https://tiki.vn/o-to-xe-may-xe-dap/c8594,Xe máy,https://tiki.vn/xe-may/c8597,Phiếu mua xe mô tô,https://tiki.vn/phieu-mua-xe-mo-to/c37596,37596,https://tiki.vn/phieu-mua-xe-mo-to/c37596
Ô Tô - Xe Máy - Xe Đạp,https://tiki.vn/o-to-xe-may-xe-dap/c8594,Xe máy,https://tiki.vn/xe-may/c8597,Phiếu mua xe máy,https://tiki.vn/phieu-mua-xe-may/c37598,37598,https://tiki.vn/phieu-mua-xe-may/c37598
Ô Tô - Xe Máy - Xe Đạp,https://tiki.vn/o-to-xe-may-xe-dap/c8594,Xe điện,https://tiki.vn/xe-dien/c6070,Xe máy điện,https://tiki.vn/xe-may-dien/c6072,6072,https://tiki.vn/xe-may-dien/c6072
Ô Tô - Xe Máy - Xe Đạp,https://tiki.vn/o-to-xe-may-xe-dap/c8594,Xe điện,https://tiki.vn/xe-dien/c6070,Xe đạp điện,https://tiki.vn/xe-dap-dien/c6071,6071,https://tiki.vn/xe-dap-dien/c6071
Ô Tô - Xe Máy - Xe Đạp,https://tiki.vn/o-to-xe-may-xe-dap/c8594,Xe điện,https://tiki.vn/xe-dien/c6070,Xe điện thăng bằng,https://tiki.vn/xe-dien-thang-bang/c11890,11890,https://tiki.vn/xe-dien-thang-bang/c11890
Ô Tô - Xe Máy - Xe Đạp,https://tiki.vn/o-to-xe-may-xe-dap/c8594,Xe điện,https://tiki.vn/xe-dien/c6070,Phụ kiện xe điện,https://tiki.vn/phu-kien-xe-dien/c6073,6073,https://tiki.vn/phu-kien-xe-dien/c6073
Ô Tô - Xe Máy - Xe Đạp,https://tiki.vn/o-to-xe-may-xe-dap/c8594,Xe đạp,https://tiki.vn/xe-dap/c8431,Xe đạp thể thao,https://tiki.vn/xe-dap-the-thao/c11892,11892,https://tiki.vn/xe-dap-the-thao/c11892
Ô Tô - Xe Máy - Xe Đạp,https://tiki.vn/o-to-xe-may-xe-dap/c8594,Xe đạp,https://tiki.vn/xe-dap/c8431,"Xe đạp thời trang, thông dụng",https://tiki.vn/xe-dap-thoi-trang-thong-dung/c11894,11894,https://tiki.vn/xe-dap-thoi-trang-thong-dung/c11894
Ô Tô - Xe Máy - Xe Đạp,https://tiki.vn/o-to-xe-may-xe-dap/c8594,Xe đạp,https://tiki.vn/xe-dap/c8431,Xe đạp thể thao đường phố,https://tiki.vn/xe-dap-the-thao-duong-pho/c11896,11896,https://tiki.vn/xe-dap-the-thao-duong-pho/c11896
Ô Tô - Xe Máy - Xe Đạp,https://tiki.vn/o-to-xe-may-xe-dap/c8594,Xe đạp,https://tiki.vn/xe-dap/c8431,Xe đạp đua,https://tiki.vn/xe-dap-dua/c11898,11898,https://tiki.vn/xe-dap-dua/c11898
Ô Tô - Xe Máy - Xe Đạp,https://tiki.vn/o-to-xe-may-xe-dap/c8594,Xe đạp,https://tiki.vn/xe-dap/c8431,Xe đạp gấp,https://tiki.vn/xe-dap-gap/c11900,11900,https://tiki.vn/xe-dap-gap/c11900
Ô Tô - Xe Máy - Xe Đạp,https://tiki.vn/o-to-xe-may-xe-dap/c8594,Xe đạp,https://tiki.vn/xe-dap/c8431,Xe đạp trẻ em,https://tiki.vn/xe-dap-tre-em/c11902,11902,https://tiki.vn/xe-dap-tre-em/c11902
Ô Tô - Xe Máy - Xe Đạp,https://tiki.vn/o-to-xe-may-xe-dap/c8594,Xe đạp,https://tiki.vn/xe-dap/c8431,Xe đạp thể thao khác,https://tiki.vn/xe-dap-the-thao-khac/c24376,24376,https://tiki.vn/xe-dap-the-thao-khac/c24376
Ô Tô - Xe Máy - Xe Đạp,https://tiki.vn/o-to-xe-may-xe-dap/c8594,Xe đạp,https://tiki.vn/xe-dap/c8431,Xe đạp địa hình,https://tiki.vn/xe-dap-dia-hinh/c24372,24372,https://tiki.vn/xe-dap-dia-hinh/c24372
Ô Tô - Xe Máy - Xe Đạp,https://tiki.vn/o-to-xe-may-xe-dap/c8594,Ô tô,https://tiki.vn/o-to/c8595,Phiếu đặt cọc xe ô tô,https://tiki.vn/phieu-dat-coc-xe-o-to/c37628,37628,https://tiki.vn/phieu-dat-coc-xe-o-to/c37628
Ô Tô - Xe Máy - Xe Đạp,https://tiki.vn/o-to-xe-may-xe-dap/c8594,Ô tô,https://tiki.vn/o-to/c8595,Phiếu mua xe ô tô từ 200 triệu trở lên,https://tiki.vn/phieu-mua-xe-o-to-tu-200-trieu-tro-len/c37630,37630,https://tiki.vn/phieu-mua-xe-o-to-tu-200-trieu-tro-len/c37630
Ô Tô - Xe Máy - Xe Đạp,https://tiki.vn/o-to-xe-may-xe-dap/c8594,Ô tô,https://tiki.vn/o-to/c8595,Ô tô điện,https://tiki.vn/o-to-dien/c54698,54698,https://tiki.vn/o-to-dien/c54698
Ô Tô - Xe Máy - Xe Đạp,https://tiki.vn/o-to-xe-may-xe-dap/c8594,Phụ kiện - Chăm sóc xe,https://tiki.vn/phu-kien-cham-soc-xe/c24832,Mũ bảo hiểm,https://tiki.vn/mu-bao-hiem/c11906,11906,https://tiki.vn/mu-bao-hiem/c11906
Ô Tô - Xe Máy - Xe Đạp,https://tiki.vn/o-to-xe-may-xe-dap/c8594,Phụ kiện - Chăm sóc xe,https://tiki.vn/phu-kien-cham-soc-xe/c24832,Phụ kiện xe máy,https://tiki.vn/phu-kien-xe-may/c6061,6061,https://tiki.vn/phu-kien-xe-may/c6061
Ô Tô - Xe Máy - Xe Đạp,https://tiki.vn/o-to-xe-may-xe-dap/c8594,Phụ kiện - Chăm sóc xe,https://tiki.vn/phu-kien-cham-soc-xe/c24832,Phụ tùng xe máy,https://tiki.vn/phu-tung-xe-may/c45476,45476,https://tiki.vn/phu-tung-xe-may/c45476
Ô Tô - Xe Máy - Xe Đạp,https://tiki.vn/o-to-xe-may-xe-dap/c8594,Phụ kiện - Chăm sóc xe,https://tiki.vn/phu-kien-cham-soc-xe/c24832,Chăm sóc xe máy,https://tiki.vn/cham-soc-xe-may/c45498,45498,https://tiki.vn/cham-soc-xe-may/c45498
Ô Tô - Xe Máy - Xe Đạp,https://tiki.vn/o-to-xe-may-xe-dap/c8594,Phụ kiện - Chăm sóc xe,https://tiki.vn/phu-kien-cham-soc-xe/c24832,Đồ bảo hộ đi xe,https://tiki.vn/do-bao-ho-di-xe/c45522,45522,https://tiki.vn/do-bao-ho-di-xe/c45522
Ô Tô - Xe Máy - Xe Đạp,https://tiki.vn/o-to-xe-may-xe-dap/c8594,Phụ kiện - Chăm sóc xe,https://tiki.vn/phu-kien-cham-soc-xe/c24832,Phụ kiện - Đồ nghề xe đạp,https://tiki.vn/phu-kien-do-nghe-xe-dap/c11904,11904,https://tiki.vn/phu-kien-do-nghe-xe-dap/c11904
Ô Tô - Xe Máy - Xe Đạp,https://tiki.vn/o-to-xe-may-xe-dap/c8594,Phụ kiện - Chăm sóc xe,https://tiki.vn/phu-kien-cham-soc-xe/c24832,Phụ kiện ô tô,https://tiki.vn/phu-kien-o-to/c6045,6045,https://tiki.vn/phu-kien-o-to/c6045
Ô Tô - Xe Máy - Xe Đạp,https://tiki.vn/o-to-xe-may-xe-dap/c8594,Phụ kiện - Chăm sóc xe,https://tiki.vn/phu-kien-cham-soc-xe/c24832,Máy rửa xe,https://tiki.vn/may-rua-xe/c45606,45606,https://tiki.vn/may-rua-xe/c45606
Ô Tô - Xe Máy - Xe Đạp,https://tiki.vn/o-to-xe-may-xe-dap/c8594,Phụ kiện - Chăm sóc xe,https://tiki.vn/phu-kien-cham-soc-xe/c24832,Phụ tùng ô tô,https://tiki.vn/phu-tung-o-to/c6052,6052,https://tiki.vn/phu-tung-o-to/c6052
Ô Tô - Xe Máy - Xe Đạp,https://tiki.vn/o-to-xe-may-xe-dap/c8594,Phụ kiện - Chăm sóc xe,https://tiki.vn/phu-kien-cham-soc-xe/c24832,Chăm sóc ô tô,https://tiki.vn/cham-soc-o-to/c24362,24362,https://tiki.vn/cham-soc-o-to/c24362
Ô Tô - Xe Máy - Xe Đạp,https://tiki.vn/o-to-xe-may-xe-dap/c8594,"Dịch vụ, lắp đặt",https://tiki.vn/dich-vu-lap-dat/c17208,Lắp đặt mâm lốp,https://tiki.vn/lap-dat-mam-lop/c17224,17224,https://tiki.vn/lap-dat-mam-lop/c17224
Ô Tô - Xe Máy - Xe Đạp,https://tiki.vn/o-to-xe-may-xe-dap/c8594,"Dịch vụ, lắp đặt",https://tiki.vn/dich-vu-lap-dat/c17208,"Dịch vụ bảo trì, sửa chữa",https://tiki.vn/dich-vu-bao-tri-sua-chua/c23118,23118,https://tiki.vn/dich-vu-bao-tri-sua-chua/c23118
Thời trang nữ,https://tiki.vn/thoi-trang-nu/c931,,,,,931,https://tiki.vn/thoi-trang-nu/c931
Thời trang nữ,https://tiki.vn/thoi-trang-nu/c931,Đầm nữ,https://tiki.vn/dam-vay-lien/c941,,,941,https://tiki.vn/dam-vay-lien/c941
Thời trang nữ,https://tiki.vn/thoi-trang-nu/c931,Chân váy,https://tiki.vn/chan-vay-nu/c5404,,,5404,https://tiki.vn/chan-vay-nu/c5404
Thời trang nữ,https://tiki.vn/thoi-trang-nu/c931,Quần nữ,https://tiki.vn/quan-nu/c27600,,,27600,https://tiki.vn/quan-nu/c27600
Thời trang nữ,https://tiki.vn/thoi-trang-nu/c931,Áo vest - Áo khoác nữ,https://tiki.vn/ao-vest-ao-khoac-nu/c936,,,936,https://tiki.vn/ao-vest-ao-khoac-nu/c936
Thời trang nữ,https://tiki.vn/thoi-trang-nu/c931,Áo liền quần - Bộ trang phục,https://tiki.vn/ao-lien-quan-bo-trang-phuc/c1702,,,1702,https://tiki.vn/ao-lien-quan-bo-trang-phuc/c1702
Thời trang nữ,https://tiki.vn/thoi-trang-nu/c931,Đồ đôi - Đồ gia đình,https://tiki.vn/do-doi-do-gia-dinh/c4553,,,4553,https://tiki.vn/do-doi-do-gia-dinh/c4553
Thời trang nữ,https://tiki.vn/thoi-trang-nu/c931,Thời trang bầu và sau sinh,https://tiki.vn/thoi-trang-bau-va-sau-sinh/c49372,,,49372,https://tiki.vn/thoi-trang-bau-va-sau-sinh/c49372
Thời trang nữ,https://tiki.vn/thoi-trang-nu/c931,Thời trang nữ trung niên,https://tiki.vn/thoi-trang-nu-trung-nien/c49384,,,49384,https://tiki.vn/thoi-trang-nu-trung-nien/c49384
Thời trang nữ,https://tiki.vn/thoi-trang-nu/c931,Đồ lót nữ,https://tiki.vn/do-lot-nu/c4554,,,4554,https://tiki.vn/do-lot-nu/c4554
Thời trang nữ,https://tiki.vn/thoi-trang-nu/c931,Đồ ngủ - Đồ mặc nhà nữ,https://tiki.vn/do-ngu-do-mac-nha-nu/c1508,,,1508,https://tiki.vn/do-ngu-do-mac-nha-nu/c1508
Thời trang nữ,https://tiki.vn/thoi-trang-nu/c931,Trang phục bơi nữ,https://tiki.vn/trang-phuc-boi-nu/c6179,,,6179,https://tiki.vn/trang-phuc-boi-nu/c6179
Thời trang nữ,https://tiki.vn/thoi-trang-nu/c931,Áo sơ mi nữ,https://tiki.vn/ao-so-mi-nu/c934,,,934,https://tiki.vn/ao-so-mi-nu/c934
Thời trang nữ,https://tiki.vn/thoi-trang-nu/c931,Áo kiểu nữ,https://tiki.vn/ao-kieu-nu/c935,,,935,https://tiki.vn/ao-kieu-nu/c935
Thời trang nữ,https://tiki.vn/thoi-trang-nu/c931,Áo crop-top,https://tiki.vn/ao-crop-top/c10389,,,10389,https://tiki.vn/ao-crop-top/c10389
Thời trang nữ,https://tiki.vn/thoi-trang-nu/c931,Áo thun nữ,https://tiki.vn/ao-thun-nu/c933,,,933,https://tiki.vn/ao-thun-nu/c933
Thời trang nữ,https://tiki.vn/thoi-trang-nu/c931,Đầm nữ,https://tiki.vn/dam-vay-lien/c941,Đầm Dáng Xòe,https://tiki.vn/dam-dang-xoe/c27582,27582,https://tiki.vn/dam-dang-xoe/c27582
Thời trang nữ,https://tiki.vn/thoi-trang-nu/c931,Đầm nữ,https://tiki.vn/dam-vay-lien/c941,Đầm dáng ôm,https://tiki.vn/dam-dang-om/c27580,27580,https://tiki.vn/dam-dang-om/c27580
Thời trang nữ,https://tiki.vn/thoi-trang-nu/c931,Đầm nữ,https://tiki.vn/dam-vay-lien/c941,Đầm suông,https://tiki.vn/dam-suong/c27584,27584,https://tiki.vn/dam-suong/c27584
Thời trang nữ,https://tiki.vn/thoi-trang-nu/c931,Đầm nữ,https://tiki.vn/dam-vay-lien/c941,Đầm công sở,https://tiki.vn/dam-cong-so-nu/c5344,5344,https://tiki.vn/dam-cong-so-nu/c5344
Thời trang nữ,https://tiki.vn/thoi-trang-nu/c931,Đầm nữ,https://tiki.vn/dam-vay-lien/c941,Đầm dự tiệc,https://tiki.vn/dam-du-tiec/c5346,5346,https://tiki.vn/dam-du-tiec/c5346
Thời trang nữ,https://tiki.vn/thoi-trang-nu/c931,Đầm nữ,https://tiki.vn/dam-vay-lien/c941,Đầm maxi,https://tiki.vn/dam-maxi/c5345,5345,https://tiki.vn/dam-maxi/c5345
Thời trang nữ,https://tiki.vn/thoi-trang-nu/c931,Đầm nữ,https://tiki.vn/dam-vay-lien/c941,Đầm Jumpsuit,https://tiki.vn/dam-jumpsuit/c67211,67211,https://tiki.vn/dam-jumpsuit/c67211
Thời trang nữ,https://tiki.vn/thoi-trang-nu/c931,Đầm nữ,https://tiki.vn/dam-vay-lien/c941,Đầm hai dây,https://tiki.vn/dam-hai-day/c67213,67213,https://tiki.vn/dam-hai-day/c67213
Thời trang nữ,https://tiki.vn/thoi-trang-nu/c931,Đầm nữ,https://tiki.vn/dam-vay-lien/c941,Đầm chữ A,https://tiki.vn/dam-chu-a/c67214,67214,https://tiki.vn/dam-chu-a/c67214
Thời trang nữ,https://tiki.vn/thoi-trang-nu/c931,Đầm nữ,https://tiki.vn/dam-vay-lien/c941,Đầm yếm,https://tiki.vn/dam-yem/c67216,67216,https://tiki.vn/dam-yem/c67216
Thời trang nữ,https://tiki.vn/thoi-trang-nu/c931,Đầm nữ,https://tiki.vn/dam-vay-lien/c941,Đầm Baby Doll,https://tiki.vn/dam-baby-doll/c67217,67217,https://tiki.vn/dam-baby-doll/c67217
Thời trang nữ,https://tiki.vn/thoi-trang-nu/c931,Đầm nữ,https://tiki.vn/dam-vay-lien/c941,Đầm trễ vai,https://tiki.vn/dam-tre-vai/c67218,67218,https://tiki.vn/dam-tre-vai/c67218
Thời trang nữ,https://tiki.vn/thoi-trang-nu/c931,Chân váy,https://tiki.vn/chan-vay-nu/c5404,Chân váy dài,https://tiki.vn/chan-vay-dai/c5407,5407,https://tiki.vn/chan-vay-dai/c5407
Thời trang nữ,https://tiki.vn/thoi-trang-nu/c931,Chân váy,https://tiki.vn/chan-vay-nu/c5404,Chân váy ngắn,https://tiki.vn/chan-vay-ngan-nu/c5406,5406,https://tiki.vn/chan-vay-ngan-nu/c5406
Thời trang nữ,https://tiki.vn/thoi-trang-nu/c931,Chân váy,https://tiki.vn/chan-vay-nu/c5404,Chân váy xếp li,https://tiki.vn/chan-vay-xep-li/c5408,5408,https://tiki.vn/chan-vay-xep-li/c5408
Thời trang nữ,https://tiki.vn/thoi-trang-nu/c931,Chân váy,https://tiki.vn/chan-vay-nu/c5404,Chân váy bút chì,https://tiki.vn/chan-vay-but-chi/c49288,49288,https://tiki.vn/chan-vay-but-chi/c49288
Thời trang nữ,https://tiki.vn/thoi-trang-nu/c931,Chân váy,https://tiki.vn/chan-vay-nu/c5404,Chân váy chữ A,https://tiki.vn/chan-vay-chu-a/c49290,49290,https://tiki.vn/chan-vay-chu-a/c49290
Thời trang nữ,https://tiki.vn/thoi-trang-nu/c931,Chân váy,https://tiki.vn/chan-vay-nu/c5404,Chân váy công sở,https://tiki.vn/chan-vay-cong-so-nu/c5405,5405,https://tiki.vn/chan-vay-cong-so-nu/c5405
Thời trang nữ,https://tiki.vn/thoi-trang-nu/c931,Quần nữ,https://tiki.vn/quan-nu/c27600,Quần jean nữ,https://tiki.vn/quan-jean-nu/c1701,1701,https://tiki.vn/quan-jean-nu/c1701
Thời trang nữ,https://tiki.vn/thoi-trang-nu/c931,Quần nữ,https://tiki.vn/quan-nu/c27600,Quần shorts nữ,https://tiki.vn/quan-sooc/c939,939,https://tiki.vn/quan-sooc/c939
Thời trang nữ,https://tiki.vn/thoi-trang-nu/c931,Quần nữ,https://tiki.vn/quan-nu/c27600,Quần tây nữ,https://tiki.vn/thoi-trang-nu-quan-dai/c938,938,https://tiki.vn/thoi-trang-nu-quan-dai/c938
Thời trang nữ,https://tiki.vn/thoi-trang-nu/c931,Quần nữ,https://tiki.vn/quan-nu/c27600,Quần ống rộng nữ,https://tiki.vn/quan-ong-rong-nu/c49346,49346,https://tiki.vn/quan-ong-rong-nu/c49346
Thời trang nữ,https://tiki.vn/thoi-trang-nu/c931,Quần nữ,https://tiki.vn/quan-nu/c27600,Quần baggy nữ,https://tiki.vn/quan-baggy-nu/c49348,49348,https://tiki.vn/quan-baggy-nu/c49348
Thời trang nữ,https://tiki.vn/thoi-trang-nu/c931,Quần nữ,https://tiki.vn/quan-nu/c27600,Quần legging - tregging nữ,https://tiki.vn/quan-legging-tregging-nu/c1716,1716,https://tiki.vn/quan-legging-tregging-nu/c1716
Thời trang nữ,https://tiki.vn/thoi-trang-nu/c931,Quần nữ,https://tiki.vn/quan-nu/c27600,Quần yếm,https://tiki.vn/quan-yem/c49350,49350,https://tiki.vn/quan-yem/c49350
Thời trang nữ,https://tiki.vn/thoi-trang-nu/c931,Áo vest - Áo khoác nữ,https://tiki.vn/ao-vest-ao-khoac-nu/c936,Áo cardigan nữ,https://tiki.vn/ao-cardigan-nu/c27594,27594,https://tiki.vn/ao-cardigan-nu/c27594
Thời trang nữ,https://tiki.vn/thoi-trang-nu/c931,Áo vest - Áo khoác nữ,https://tiki.vn/ao-vest-ao-khoac-nu/c936,"Áo vest, blazer nữ",https://tiki.vn/ao-vest-blazer-nu/c27588,27588,https://tiki.vn/ao-vest-blazer-nu/c27588
Thời trang nữ,https://tiki.vn/thoi-trang-nu/c931,Áo vest - Áo khoác nữ,https://tiki.vn/ao-vest-ao-khoac-nu/c936,Áo len - Áo khoác nỉ nữ,https://tiki.vn/ao-len-ao-khoac-ni-nu/c27598,27598,https://tiki.vn/ao-len-ao-khoac-ni-nu/c27598
Thời trang nữ,https://tiki.vn/thoi-trang-nu/c931,Áo vest - Áo khoác nữ,https://tiki.vn/ao-vest-ao-khoac-nu/c936,Áo khoác jeans nữ,https://tiki.vn/ao-khoac-jeans-nu/c49352,49352,https://tiki.vn/ao-khoac-jeans-nu/c49352
Thời trang nữ,https://tiki.vn/thoi-trang-nu/c931,Áo vest - Áo khoác nữ,https://tiki.vn/ao-vest-ao-khoac-nu/c936,Áo khoác dạ nữ,https://tiki.vn/ao-khoac-da-nu/c27596,27596,https://tiki.vn/ao-khoac-da-nu/c27596
Thời trang nữ,https://tiki.vn/thoi-trang-nu/c931,Áo vest - Áo khoác nữ,https://tiki.vn/ao-vest-ao-khoac-nu/c936,Áo khoác chống nắng nữ,https://tiki.vn/ao-khoac-chong-nang-nu/c49354,49354,https://tiki.vn/ao-khoac-chong-nang-nu/c49354
Thời trang nữ,https://tiki.vn/thoi-trang-nu/c931,Áo vest - Áo khoác nữ,https://tiki.vn/ao-vest-ao-khoac-nu/c936,Áo khoác phao nữ,https://tiki.vn/ao-khoac-phao-nu/c49356,49356,https://tiki.vn/ao-khoac-phao-nu/c49356
Thời trang nữ,https://tiki.vn/thoi-trang-nu/c931,Áo vest - Áo khoác nữ,https://tiki.vn/ao-vest-ao-khoac-nu/c936,Áo khoác da nữ,https://tiki.vn/ao-khoac-da-nu/c49358,49358,https://tiki.vn/ao-khoac-da-nu/c49358
Thời trang nữ,https://tiki.vn/thoi-trang-nu/c931,Áo vest - Áo khoác nữ,https://tiki.vn/ao-vest-ao-khoac-nu/c936,Áo khoác bomber jackets,https://tiki.vn/ao-khoac-bomber-jackets/c49360,49360,https://tiki.vn/ao-khoac-bomber-jackets/c49360
Thời trang nữ,https://tiki.vn/thoi-trang-nu/c931,Áo vest - Áo khoác nữ,https://tiki.vn/ao-vest-ao-khoac-nu/c936,Áo khoác gió nữ,https://tiki.vn/ao-khoac-gio-nu/c67225,67225,https://tiki.vn/ao-khoac-gio-nu/c67225
Thời trang nữ,https://tiki.vn/thoi-trang-nu/c931,Áo vest - Áo khoác nữ,https://tiki.vn/ao-vest-ao-khoac-nu/c936,Áo hoodies nữ,https://tiki.vn/ao-hoodies-nu/c67226,67226,https://tiki.vn/ao-hoodies-nu/c67226
Thời trang nữ,https://tiki.vn/thoi-trang-nu/c931,Áo liền quần - Bộ trang phục,https://tiki.vn/ao-lien-quan-bo-trang-phuc/c1702,Áo liền quần,https://tiki.vn/ao-lien-quan/c49362,49362,https://tiki.vn/ao-lien-quan/c49362
Thời trang nữ,https://tiki.vn/thoi-trang-nu/c931,Áo liền quần - Bộ trang phục,https://tiki.vn/ao-lien-quan-bo-trang-phuc/c1702,Bộ trang phục,https://tiki.vn/bo-trang-phuc/c49364,49364,https://tiki.vn/bo-trang-phuc/c49364
Thời trang nữ,https://tiki.vn/thoi-trang-nu/c931,Áo liền quần - Bộ trang phục,https://tiki.vn/ao-lien-quan-bo-trang-phuc/c1702,Áo dài,https://tiki.vn/ao-dai/c10385,10385,https://tiki.vn/ao-dai/c10385
Thời trang nữ,https://tiki.vn/thoi-trang-nu/c931,Đồ đôi - Đồ gia đình,https://tiki.vn/do-doi-do-gia-dinh/c4553,Đồ gia đình,https://tiki.vn/do-gia-dinh/c49366,49366,https://tiki.vn/do-gia-dinh/c49366
Thời trang nữ,https://tiki.vn/thoi-trang-nu/c931,Đồ đôi - Đồ gia đình,https://tiki.vn/do-doi-do-gia-dinh/c4553,Áo đôi,https://tiki.vn/ao-doi/c49368,49368,https://tiki.vn/ao-doi/c49368
Thời trang nữ,https://tiki.vn/thoi-trang-nu/c931,Thời trang bầu và sau sinh,https://tiki.vn/thoi-trang-bau-va-sau-sinh/c49372,Đầm bầu,https://tiki.vn/dam-bau/c49374,49374,https://tiki.vn/dam-bau/c49374
Thời trang nữ,https://tiki.vn/thoi-trang-nu/c931,Thời trang bầu và sau sinh,https://tiki.vn/thoi-trang-bau-va-sau-sinh/c49372,Áo bầu,https://tiki.vn/ao-bau/c49376,49376,https://tiki.vn/ao-bau/c49376
Thời trang nữ,https://tiki.vn/thoi-trang-nu/c931,Thời trang bầu và sau sinh,https://tiki.vn/thoi-trang-bau-va-sau-sinh/c49372,Quần bầu,https://tiki.vn/quan-bau/c49378,49378,https://tiki.vn/quan-bau/c49378
Thời trang nữ,https://tiki.vn/thoi-trang-nu/c931,Thời trang bầu và sau sinh,https://tiki.vn/thoi-trang-bau-va-sau-sinh/c49372,Bộ đồ bầu,https://tiki.vn/bo-do-bau/c49380,49380,https://tiki.vn/bo-do-bau/c49380
Thời trang nữ,https://tiki.vn/thoi-trang-nu/c931,Thời trang bầu và sau sinh,https://tiki.vn/thoi-trang-bau-va-sau-sinh/c49372,Đồ lót bầu,https://tiki.vn/do-lot-bau/c49382,49382,https://tiki.vn/do-lot-bau/c49382
Thời trang nữ,https://tiki.vn/thoi-trang-nu/c931,Thời trang nữ trung niên,https://tiki.vn/thoi-trang-nu-trung-nien/c49384,Thời trang nữ trung niên khác,https://tiki.vn/thoi-trang-nu-trung-nien-khac/c67150,67150,https://tiki.vn/thoi-trang-nu-trung-nien-khac/c67150
Thời trang nữ,https://tiki.vn/thoi-trang-nu/c931,Thời trang nữ trung niên,https://tiki.vn/thoi-trang-nu-trung-nien/c49384,Đầm nữ trung niên,https://tiki.vn/dam-nu-trung-nien/c67152,67152,https://tiki.vn/dam-nu-trung-nien/c67152
Thời trang nữ,https://tiki.vn/thoi-trang-nu/c931,Thời trang nữ trung niên,https://tiki.vn/thoi-trang-nu-trung-nien/c49384,Quần nữ trung niên,https://tiki.vn/quan-nu-trung-nien/c67153,67153,https://tiki.vn/quan-nu-trung-nien/c67153
Thời trang nữ,https://tiki.vn/thoi-trang-nu/c931,Thời trang nữ trung niên,https://tiki.vn/thoi-trang-nu-trung-nien/c49384,Áo nữ trung niên,https://tiki.vn/ao-nu-trung-nien/c67154,67154,https://tiki.vn/ao-nu-trung-nien/c67154
Thời trang nữ,https://tiki.vn/thoi-trang-nu/c931,Đồ lót nữ,https://tiki.vn/do-lot-nu/c4554,Áo ngực,https://tiki.vn/ao-nguc/c1509,1509,https://tiki.vn/ao-nguc/c1509
Thời trang nữ,https://tiki.vn/thoi-trang-nu/c931,Đồ lót nữ,https://tiki.vn/do-lot-nu/c4554,Quần lót nữ,https://tiki.vn/quan-lot/c1510,1510,https://tiki.vn/quan-lot/c1510
Thời trang nữ,https://tiki.vn/thoi-trang-nu/c931,Đồ lót nữ,https://tiki.vn/do-lot-nu/c4554,Nịt bụng,https://tiki.vn/nit-bung/c8347,8347,https://tiki.vn/nit-bung/c8347
Thời trang nữ,https://tiki.vn/thoi-trang-nu/c931,Đồ lót nữ,https://tiki.vn/do-lot-nu/c4554,Bộ đồ lót nữ,https://tiki.vn/bo-do-lot-nu/c8344,8344,https://tiki.vn/bo-do-lot-nu/c8344
Thời trang nữ,https://tiki.vn/thoi-trang-nu/c931,Đồ ngủ - Đồ mặc nhà nữ,https://tiki.vn/do-ngu-do-mac-nha-nu/c1508,Đồ ngủ nữ,https://tiki.vn/do-ngu-nu/c8346,8346,https://tiki.vn/do-ngu-nu/c8346
Thời trang nữ,https://tiki.vn/thoi-trang-nu/c931,Đồ ngủ - Đồ mặc nhà nữ,https://tiki.vn/do-ngu-do-mac-nha-nu/c1508,Đồ mặc nhà,https://tiki.vn/do-mac-nha/c49432,49432,https://tiki.vn/do-mac-nha/c49432
Thời trang nữ,https://tiki.vn/thoi-trang-nu/c931,Trang phục bơi nữ,https://tiki.vn/trang-phuc-boi-nu/c6179,Bikini,https://tiki.vn/bikini/c49442,49442,https://tiki.vn/bikini/c49442
Thời trang nữ,https://tiki.vn/thoi-trang-nu/c931,Trang phục bơi nữ,https://tiki.vn/trang-phuc-boi-nu/c6179,Đồ bơi một mảnh,https://tiki.vn/do-boi-mot-manh/c27576,27576,https://tiki.vn/do-boi-mot-manh/c27576
Thời trang nữ,https://tiki.vn/thoi-trang-nu/c931,Trang phục bơi nữ,https://tiki.vn/trang-phuc-boi-nu/c6179,Đồ bơi hai mảnh,https://tiki.vn/do-boi-hai-manh/c27578,27578,https://tiki.vn/do-boi-hai-manh/c27578
Thời trang nữ,https://tiki.vn/thoi-trang-nu/c931,Áo sơ mi nữ,https://tiki.vn/ao-so-mi-nu/c934,Áo sơ mi nữ tay ngắn,https://tiki.vn/ao-so-mi-nu-tay-ngan/c67181,67181,https://tiki.vn/ao-so-mi-nu-tay-ngan/c67181
Thời trang nữ,https://tiki.vn/thoi-trang-nu/c931,Áo sơ mi nữ,https://tiki.vn/ao-so-mi-nu/c934,Áo sơ mi nữ tay dài,https://tiki.vn/ao-so-mi-nu-tay-dai/c67182,67182,https://tiki.vn/ao-so-mi-nu-tay-dai/c67182
Thời trang nữ,https://tiki.vn/thoi-trang-nu/c931,Áo kiểu nữ,https://tiki.vn/ao-kieu-nu/c935,Áo kiểu nữ khác,https://tiki.vn/ao-kieu-nu-khac/c67173,67173,https://tiki.vn/ao-kieu-nu-khac/c67173
Thời trang nữ,https://tiki.vn/thoi-trang-nu/c931,Áo kiểu nữ,https://tiki.vn/ao-kieu-nu/c935,Áo trễ vai,https://tiki.vn/ao-tre-vai/c67174,67174,https://tiki.vn/ao-tre-vai/c67174
Thời trang nữ,https://tiki.vn/thoi-trang-nu/c931,Áo kiểu nữ,https://tiki.vn/ao-kieu-nu/c935,Áo cúp ngực,https://tiki.vn/ao-cup-nguc/c67175,67175,https://tiki.vn/ao-cup-nguc/c67175
Thời trang nữ,https://tiki.vn/thoi-trang-nu/c931,Áo kiểu nữ,https://tiki.vn/ao-kieu-nu/c935,Áo ống,https://tiki.vn/ao-ong/c67176,67176,https://tiki.vn/ao-ong/c67176
Thời trang nữ,https://tiki.vn/thoi-trang-nu/c931,Áo crop-top,https://tiki.vn/ao-crop-top/c10389,Áo crop-top tay dài,https://tiki.vn/ao-crop-top-tay-dai/c67171,67171,https://tiki.vn/ao-crop-top-tay-dai/c67171
Thời trang nữ,https://tiki.vn/thoi-trang-nu/c931,Áo crop-top,https://tiki.vn/ao-crop-top/c10389,Áo crop-top tay ngắn,https://tiki.vn/ao-crop-top-tay-ngan/c67172,67172,https://tiki.vn/ao-crop-top-tay-ngan/c67172
Thời trang nữ,https://tiki.vn/thoi-trang-nu/c931,Áo thun nữ,https://tiki.vn/ao-thun-nu/c933,Áo hai dây - Áo ba lỗ nữ,https://tiki.vn/ao-hai-day-ao-ba-lo-nu/c10388,10388,https://tiki.vn/ao-hai-day-ao-ba-lo-nu/c10388
Thời trang nữ,https://tiki.vn/thoi-trang-nu/c931,Áo thun nữ,https://tiki.vn/ao-thun-nu/c933,Áo thun nữ dài tay có cổ,https://tiki.vn/ao-thun-nu-dai-tay-co-co/c67185,67185,https://tiki.vn/ao-thun-nu-dai-tay-co-co/c67185
Thời trang nữ,https://tiki.vn/thoi-trang-nu/c931,Áo thun nữ,https://tiki.vn/ao-thun-nu/c933,Áo thun nữ dài tay không cổ,https://tiki.vn/ao-thun-nu-dai-tay-khong-co/c67186,67186,https://tiki.vn/ao-thun-nu-dai-tay-khong-co/c67186
Thời trang nữ,https://tiki.vn/thoi-trang-nu/c931,Áo thun nữ,https://tiki.vn/ao-thun-nu/c933,Áo thun nữ ngắn tay có cổ,https://tiki.vn/ao-thun-nu-ngan-tay-co-co/c67187,67187,https://tiki.vn/ao-thun-nu-ngan-tay-co-co/c67187
Thời trang nữ,https://tiki.vn/thoi-trang-nu/c931,Áo thun nữ,https://tiki.vn/ao-thun-nu/c933,Áo thun nữ ngắn tay không cổ,https://tiki.vn/ao-thun-nu-ngan-tay-khong-co/c67188,67188,https://tiki.vn/ao-thun-nu-ngan-tay-khong-co/c67188
Bách Hóa Online,https://tiki.vn/bach-hoa-online/c4384,,,,,4384,https://tiki.vn/bach-hoa-online/c4384
Bách Hóa Online,https://tiki.vn/bach-hoa-online/c4384,Đồ Ăn Vặt,https://tiki.vn/do-an-vat/c4421,,,4421,https://tiki.vn/do-an-vat/c4421
Bách Hóa Online,https://tiki.vn/bach-hoa-online/c4384,Thực phẩm Đóng hộp và Khô,https://tiki.vn/thuc-pham-dong-hop-va-kho/c15074,,,15074,https://tiki.vn/thuc-pham-dong-hop-va-kho/c15074
Bách Hóa Online,https://tiki.vn/bach-hoa-online/c4384,Đồ Uống Không Cồn,https://tiki.vn/do-uong-khong-con/c24024,,,24024,https://tiki.vn/do-uong-khong-con/c24024
Bách Hóa Online,https://tiki.vn/bach-hoa-online/c4384,Gia Vị và Chế Biến,https://tiki.vn/gia-vi-va-che-bien/c4422,,,4422,https://tiki.vn/gia-vi-va-che-bien/c4422
Bách Hóa Online,https://tiki.vn/bach-hoa-online/c4384,Chăm sóc thú cưng,https://tiki.vn/thu-cung/c5451,,,5451,https://tiki.vn/thu-cung/c5451
Bách Hóa Online,https://tiki.vn/bach-hoa-online/c4384,Bộ quà tặng,https://tiki.vn/bo-qua-tang/c11347,,,11347,https://tiki.vn/bo-qua-tang/c11347
Bách Hóa Online,https://tiki.vn/bach-hoa-online/c4384,Đồ uống,https://tiki.vn/do-uong/c22998,,,22998,https://tiki.vn/do-uong/c22998
Bách Hóa Online,https://tiki.vn/bach-hoa-online/c4384,Sữa và các Sản phẩm từ sữa,https://tiki.vn/sua-va-cac-san-pham-tu-sua/c53562,,,53562,https://tiki.vn/sua-va-cac-san-pham-tu-sua/c53562
Bách Hóa Online,https://tiki.vn/bach-hoa-online/c4384,"Rượu, bia và nước lên men",https://tiki.vn/ruou-bia-va-nuoc-len-men/c53582,,,53582,https://tiki.vn/ruou-bia-va-nuoc-len-men/c53582
Bách Hóa Online,https://tiki.vn/bach-hoa-online/c4384,Ngũ cốc và mứt,https://tiki.vn/ngu-coc-va-mut/c68576,,,68576,https://tiki.vn/ngu-coc-va-mut/c68576
Bách Hóa Online,https://tiki.vn/bach-hoa-online/c4384,Đồ Ăn Vặt,https://tiki.vn/do-an-vat/c4421,Bánh,https://tiki.vn/banh/c8275,8275,https://tiki.vn/banh/c8275
Bách Hóa Online,https://tiki.vn/bach-hoa-online/c4384,Đồ Ăn Vặt,https://tiki.vn/do-an-vat/c4421,Kẹo,https://tiki.vn/keo/c8276,8276,https://tiki.vn/keo/c8276
Bách Hóa Online,https://tiki.vn/bach-hoa-online/c4384,Đồ Ăn Vặt,https://tiki.vn/do-an-vat/c4421,Chocolate,https://tiki.vn/chocolate/c8277,8277,https://tiki.vn/chocolate/c8277
Bách Hóa Online,https://tiki.vn/bach-hoa-online/c4384,Đồ Ăn Vặt,https://tiki.vn/do-an-vat/c4421,Snack,https://tiki.vn/snack/c8278,8278,https://tiki.vn/snack/c8278
Bách Hóa Online,https://tiki.vn/bach-hoa-online/c4384,Đồ Ăn Vặt,https://tiki.vn/do-an-vat/c4421,Bánh kẹo khác,https://tiki.vn/banh-keo-khac/c10222,10222,https://tiki.vn/banh-keo-khac/c10222
Bách Hóa Online,https://tiki.vn/bach-hoa-online/c4384,Đồ Ăn Vặt,https://tiki.vn/do-an-vat/c4421,Thức ăn khô,https://tiki.vn/thuc-an-kho/c53526,53526,https://tiki.vn/thuc-an-kho/c53526
Bách Hóa Online,https://tiki.vn/bach-hoa-online/c4384,Đồ Ăn Vặt,https://tiki.vn/do-an-vat/c4421,Các Loại Đồ Ăn Vặt Khác,https://tiki.vn/cac-loai-do-an-vat-khac/c53528,53528,https://tiki.vn/cac-loai-do-an-vat-khac/c53528
Bách Hóa Online,https://tiki.vn/bach-hoa-online/c4384,Đồ Ăn Vặt,https://tiki.vn/do-an-vat/c4421,Thạch các loại,https://tiki.vn/thach-cac-loai/c67057,67057,https://tiki.vn/thach-cac-loai/c67057
Bách Hóa Online,https://tiki.vn/bach-hoa-online/c4384,Đồ Ăn Vặt,https://tiki.vn/do-an-vat/c4421,Pudding,https://tiki.vn/pudding/c67058,67058,https://tiki.vn/pudding/c67058
Bách Hóa Online,https://tiki.vn/bach-hoa-online/c4384,Đồ Ăn Vặt,https://tiki.vn/do-an-vat/c4421,Mứt trái cây,https://tiki.vn/mut-trai-cay/c53556,53556,https://tiki.vn/mut-trai-cay/c53556
Bách Hóa Online,https://tiki.vn/bach-hoa-online/c4384,Đồ Ăn Vặt,https://tiki.vn/do-an-vat/c4421,Đặc sản địa phương,https://tiki.vn/dac-san-dia-phuong/c67065,67065,https://tiki.vn/dac-san-dia-phuong/c67065
Bách Hóa Online,https://tiki.vn/bach-hoa-online/c4384,Đồ Ăn Vặt,https://tiki.vn/do-an-vat/c4421,Các loại rong biển ăn liền,https://tiki.vn/cac-loai-rong-bien-an-lien/c67067,67067,https://tiki.vn/cac-loai-rong-bien-an-lien/c67067
Bách Hóa Online,https://tiki.vn/bach-hoa-online/c4384,Đồ Ăn Vặt,https://tiki.vn/do-an-vat/c4421,Khoai tây lát,https://tiki.vn/khoai-tay-lat/c67068,67068,https://tiki.vn/khoai-tay-lat/c67068
Bách Hóa Online,https://tiki.vn/bach-hoa-online/c4384,Đồ Ăn Vặt,https://tiki.vn/do-an-vat/c4421,Các loại đậu sấy khô,https://tiki.vn/cac-loai-dau-say-kho/c6548,6548,https://tiki.vn/cac-loai-dau-say-kho/c6548
Bách Hóa Online,https://tiki.vn/bach-hoa-online/c4384,Đồ Ăn Vặt,https://tiki.vn/do-an-vat/c4421,Các loại hạt sấy khô,https://tiki.vn/cac-loai-hat-say-kho/c67069,67069,https://tiki.vn/cac-loai-hat-say-kho/c67069
Bách Hóa Online,https://tiki.vn/bach-hoa-online/c4384,Đồ Ăn Vặt,https://tiki.vn/do-an-vat/c4421,Trái cây rau củ sấy,https://tiki.vn/trai-cay-rau-cu-say/c67103,67103,https://tiki.vn/trai-cay-rau-cu-say/c67103
Bách Hóa Online,https://tiki.vn/bach-hoa-online/c4384,Thực phẩm Đóng hộp và Khô,https://tiki.vn/thuc-pham-dong-hop-va-kho/c15074,Thực phẩm khô,https://tiki.vn/thuc-pham-kho/c4393,4393,https://tiki.vn/thuc-pham-kho/c4393
Bách Hóa Online,https://tiki.vn/bach-hoa-online/c4384,Thực phẩm Đóng hộp và Khô,https://tiki.vn/thuc-pham-dong-hop-va-kho/c15074,Đặc sản Việt Nam,https://tiki.vn/dac-san-viet-nam/c11304,11304,https://tiki.vn/dac-san-viet-nam/c11304
Bách Hóa Online,https://tiki.vn/bach-hoa-online/c4384,Thực phẩm Đóng hộp và Khô,https://tiki.vn/thuc-pham-dong-hop-va-kho/c15074,Đồ hộp,https://tiki.vn/do-hop/c4419,4419,https://tiki.vn/do-hop/c4419
Bách Hóa Online,https://tiki.vn/bach-hoa-online/c4384,Thực phẩm Đóng hộp và Khô,https://tiki.vn/thuc-pham-dong-hop-va-kho/c15074,Thực phẩm khác,https://tiki.vn/thuc-pham-khac/c53558,53558,https://tiki.vn/thuc-pham-khac/c53558
Bách Hóa Online,https://tiki.vn/bach-hoa-online/c4384,Thực phẩm Đóng hộp và Khô,https://tiki.vn/thuc-pham-dong-hop-va-kho/c15074,Đậu,https://tiki.vn/dau/c68544,68544,https://tiki.vn/dau/c68544
Bách Hóa Online,https://tiki.vn/bach-hoa-online/c4384,Thực phẩm Đóng hộp và Khô,https://tiki.vn/thuc-pham-dong-hop-va-kho/c15074,Thực phẩm chế biến sẵn,https://tiki.vn/thuc-pham-che-bien-san/c68556,68556,https://tiki.vn/thuc-pham-che-bien-san/c68556
Bách Hóa Online,https://tiki.vn/bach-hoa-online/c4384,Đồ Uống Không Cồn,https://tiki.vn/do-uong-khong-con/c24024,Đồ uống có gas,https://tiki.vn/do-uong-co-gas/c4426,4426,https://tiki.vn/do-uong-co-gas/c4426
Bách Hóa Online,https://tiki.vn/bach-hoa-online/c4384,Đồ Uống Không Cồn,https://tiki.vn/do-uong-khong-con/c24024,Đồ uống không gas,https://tiki.vn/do-uong-khong-gas/c15076,15076,https://tiki.vn/do-uong-khong-gas/c15076
Bách Hóa Online,https://tiki.vn/bach-hoa-online/c4384,Gia Vị và Chế Biến,https://tiki.vn/gia-vi-va-che-bien/c4422,Gia vị,https://tiki.vn/gia-vi/c8282,8282,https://tiki.vn/gia-vi/c8282
Bách Hóa Online,https://tiki.vn/bach-hoa-online/c4384,Gia Vị và Chế Biến,https://tiki.vn/gia-vi-va-che-bien/c4422,Nước chấm và nước sốt,https://tiki.vn/nuoc-cham-va-nuoc-sot/c8283,8283,https://tiki.vn/nuoc-cham-va-nuoc-sot/c8283
Bách Hóa Online,https://tiki.vn/bach-hoa-online/c4384,Gia Vị và Chế Biến,https://tiki.vn/gia-vi-va-che-bien/c4422,Dầu ăn,https://tiki.vn/dau-an/c5477,5477,https://tiki.vn/dau-an/c5477
Bách Hóa Online,https://tiki.vn/bach-hoa-online/c4384,Gia Vị và Chế Biến,https://tiki.vn/gia-vi-va-che-bien/c4422,Nấu ăn và làm bánh,https://tiki.vn/nau-an-va-lam-banh/c11256,11256,https://tiki.vn/nau-an-va-lam-banh/c11256
Bách Hóa Online,https://tiki.vn/bach-hoa-online/c4384,Chăm sóc thú cưng,https://tiki.vn/thu-cung/c5451,Thức ăn thú cưng,https://tiki.vn/thuc-an-thu-cung/c53530,53530,https://tiki.vn/thuc-an-thu-cung/c53530
Bách Hóa Online,https://tiki.vn/bach-hoa-online/c4384,Chăm sóc thú cưng,https://tiki.vn/thu-cung/c5451,Phụ kiện thú cưng,https://tiki.vn/phu-kien-thu-cung/c53540,53540,https://tiki.vn/phu-kien-thu-cung/c53540
Bách Hóa Online,https://tiki.vn/bach-hoa-online/c4384,Chăm sóc thú cưng,https://tiki.vn/thu-cung/c5451,Chăm sóc sức khỏe thú cưng,https://tiki.vn/cham-soc-suc-khoe-thu-cung/c66986,66986,https://tiki.vn/cham-soc-suc-khoe-thu-cung/c66986
Bách Hóa Online,https://tiki.vn/bach-hoa-online/c4384,Chăm sóc thú cưng,https://tiki.vn/thu-cung/c5451,Dụng cụ chăm sóc thú cưng,https://tiki.vn/dung-cu-cham-soc-thu-cung/c66991,66991,https://tiki.vn/dung-cu-cham-soc-thu-cung/c66991
Bách Hóa Online,https://tiki.vn/bach-hoa-online/c4384,Chăm sóc thú cưng,https://tiki.vn/thu-cung/c5451,Đồ dùng vệ sinh thú cưng,https://tiki.vn/do-dung-ve-sinh-thu-cung/c66995,66995,https://tiki.vn/do-dung-ve-sinh-thu-cung/c66995
Bách Hóa Online,https://tiki.vn/bach-hoa-online/c4384,Chăm sóc thú cưng,https://tiki.vn/thu-cung/c5451,Dung dịch vệ sinh thú cưng,https://tiki.vn/dung-dich-ve-sinh-thu-cung/c67034,67034,https://tiki.vn/dung-dich-ve-sinh-thu-cung/c67034
Bách Hóa Online,https://tiki.vn/bach-hoa-online/c4384,Bộ quà tặng,https://tiki.vn/bo-qua-tang/c11347,Hộp Quà Tết,https://tiki.vn/hop-qua-tet/c53576,53576,https://tiki.vn/hop-qua-tet/c53576
Bách Hóa Online,https://tiki.vn/bach-hoa-online/c4384,Bộ quà tặng,https://tiki.vn/bo-qua-tang/c11347,Hộp Quà Tặng,https://tiki.vn/hop-qua-tang/c53578,53578,https://tiki.vn/hop-qua-tang/c53578
Bách Hóa Online,https://tiki.vn/bach-hoa-online/c4384,Bộ quà tặng,https://tiki.vn/bo-qua-tang/c11347,Hàng Mùa Vụ Khác,https://tiki.vn/hang-mua-vu-khac/c53580,53580,https://tiki.vn/hang-mua-vu-khac/c53580
Bách Hóa Online,https://tiki.vn/bach-hoa-online/c4384,Đồ uống,https://tiki.vn/do-uong/c22998,Trà,https://tiki.vn/tra/c8274,8274,https://tiki.vn/tra/c8274
Bách Hóa Online,https://tiki.vn/bach-hoa-online/c4384,Đồ uống,https://tiki.vn/do-uong/c22998,Cà phê,https://tiki.vn/ca-phe-tra/c4423,4423,https://tiki.vn/ca-phe-tra/c4423
Bách Hóa Online,https://tiki.vn/bach-hoa-online/c4384,Đồ uống,https://tiki.vn/do-uong/c22998,"Ngũ cốc, bột",https://tiki.vn/bot/c5478,5478,https://tiki.vn/bot/c5478
Bách Hóa Online,https://tiki.vn/bach-hoa-online/c4384,Đồ uống,https://tiki.vn/do-uong/c22998,Các loại đồ uống khác,https://tiki.vn/cac-loai-do-uong-khac/c53560,53560,https://tiki.vn/cac-loai-do-uong-khac/c53560
Bách Hóa Online,https://tiki.vn/bach-hoa-online/c4384,Đồ uống,https://tiki.vn/do-uong/c22998,Nước đóng chai,https://tiki.vn/nuoc-dong-chai/c53612,53612,https://tiki.vn/nuoc-dong-chai/c53612
Bách Hóa Online,https://tiki.vn/bach-hoa-online/c4384,Đồ uống,https://tiki.vn/do-uong/c22998,Nước Trái Cây,https://tiki.vn/nuoc-trai-cay/c53614,53614,https://tiki.vn/nuoc-trai-cay/c53614
Bách Hóa Online,https://tiki.vn/bach-hoa-online/c4384,Đồ uống,https://tiki.vn/do-uong/c22998,Nước ngọt & đồ uống không cồn,https://tiki.vn/nuoc-ngot-do-uong-khong-con/c68660,68660,https://tiki.vn/nuoc-ngot-do-uong-khong-con/c68660
Bách Hóa Online,https://tiki.vn/bach-hoa-online/c4384,Đồ uống,https://tiki.vn/do-uong/c22998,Bột chocolate,https://tiki.vn/bot-chocolate/c68676,68676,https://tiki.vn/bot-chocolate/c68676
Bách Hóa Online,https://tiki.vn/bach-hoa-online/c4384,Đồ uống,https://tiki.vn/do-uong/c22998,Bột pha nước trái cây,https://tiki.vn/bot-pha-nuoc-trai-cay/c68677,68677,https://tiki.vn/bot-pha-nuoc-trai-cay/c68677
Bách Hóa Online,https://tiki.vn/bach-hoa-online/c4384,Đồ uống,https://tiki.vn/do-uong/c22998,Siro các loại,https://tiki.vn/siro-cac-loai/c68678,68678,https://tiki.vn/siro-cac-loai/c68678
Bách Hóa Online,https://tiki.vn/bach-hoa-online/c4384,Sữa và các Sản phẩm từ sữa,https://tiki.vn/sua-va-cac-san-pham-tu-sua/c53562,Sữa nước,https://tiki.vn/sua-nuoc/c8273,8273,https://tiki.vn/sua-nuoc/c8273
Bách Hóa Online,https://tiki.vn/bach-hoa-online/c4384,Sữa và các Sản phẩm từ sữa,https://tiki.vn/sua-va-cac-san-pham-tu-sua/c53562,Sữa Chức Năng Dạng Bột,https://tiki.vn/sua-chuc-nang-dang-bot/c4427,4427,https://tiki.vn/sua-chuc-nang-dang-bot/c4427
Bách Hóa Online,https://tiki.vn/bach-hoa-online/c4384,Sữa và các Sản phẩm từ sữa,https://tiki.vn/sua-va-cac-san-pham-tu-sua/c53562,Các Sản Phẩm Từ Sữa Khác,https://tiki.vn/cac-san-pham-tu-sua-khac/c53572,53572,https://tiki.vn/cac-san-pham-tu-sua-khac/c53572
Bách Hóa Online,https://tiki.vn/bach-hoa-online/c4384,Sữa và các Sản phẩm từ sữa,https://tiki.vn/sua-va-cac-san-pham-tu-sua/c53562,Sữa bột,https://tiki.vn/sua-bot/c67508,67508,https://tiki.vn/sua-bot/c67508
Bách Hóa Online,https://tiki.vn/bach-hoa-online/c4384,Sữa và các Sản phẩm từ sữa,https://tiki.vn/sua-va-cac-san-pham-tu-sua/c53562,Sữa đặc,https://tiki.vn/sua-dac/c67509,67509,https://tiki.vn/sua-dac/c67509
Bách Hóa Online,https://tiki.vn/bach-hoa-online/c4384,"Rượu, bia và nước lên men",https://tiki.vn/ruou-bia-va-nuoc-len-men/c53582,Rượu,https://tiki.vn/ruou/c11343,11343,https://tiki.vn/ruou/c11343
Bách Hóa Online,https://tiki.vn/bach-hoa-online/c4384,"Rượu, bia và nước lên men",https://tiki.vn/ruou-bia-va-nuoc-len-men/c53582,Bia Nội Địa,https://tiki.vn/bia-noi-dia/c53584,53584,https://tiki.vn/bia-noi-dia/c53584
Bách Hóa Online,https://tiki.vn/bach-hoa-online/c4384,"Rượu, bia và nước lên men",https://tiki.vn/ruou-bia-va-nuoc-len-men/c53582,Bia Nhập Khẩu,https://tiki.vn/bia-nhap-khau/c53586,53586,https://tiki.vn/bia-nhap-khau/c53586
Bách Hóa Online,https://tiki.vn/bach-hoa-online/c4384,"Rượu, bia và nước lên men",https://tiki.vn/ruou-bia-va-nuoc-len-men/c53582,Bia Thủ Công,https://tiki.vn/bia-thu-cong/c53588,53588,https://tiki.vn/bia-thu-cong/c53588
Bách Hóa Online,https://tiki.vn/bach-hoa-online/c4384,"Rượu, bia và nước lên men",https://tiki.vn/ruou-bia-va-nuoc-len-men/c53582,Nước hoa quả lên men,https://tiki.vn/nuoc-hoa-qua-len-men/c11344,11344,https://tiki.vn/nuoc-hoa-qua-len-men/c11344
Bách Hóa Online,https://tiki.vn/bach-hoa-online/c4384,"Rượu, bia và nước lên men",https://tiki.vn/ruou-bia-va-nuoc-len-men/c53582,Rượu vang,https://tiki.vn/ruou-vang/c48030,48030,https://tiki.vn/ruou-vang/c48030
Bách Hóa Online,https://tiki.vn/bach-hoa-online/c4384,"Rượu, bia và nước lên men",https://tiki.vn/ruou-bia-va-nuoc-len-men/c53582,Rượu mạnh,https://tiki.vn/ruou-manh/c48032,48032,https://tiki.vn/ruou-manh/c48032
Bách Hóa Online,https://tiki.vn/bach-hoa-online/c4384,"Rượu, bia và nước lên men",https://tiki.vn/ruou-bia-va-nuoc-len-men/c53582,Rượu gạo - Soju - Sake,https://tiki.vn/ruou-gao-soju-sake/c48036,48036,https://tiki.vn/ruou-gao-soju-sake/c48036
Bách Hóa Online,https://tiki.vn/bach-hoa-online/c4384,"Rượu, bia và nước lên men",https://tiki.vn/ruou-bia-va-nuoc-len-men/c53582,Các loại rượu khác,https://tiki.vn/cac-loai-ruou-khac/c53604,53604,https://tiki.vn/cac-loai-ruou-khac/c53604
Bách Hóa Online,https://tiki.vn/bach-hoa-online/c4384,"Rượu, bia và nước lên men",https://tiki.vn/ruou-bia-va-nuoc-len-men/c53582,Rượu Champagnes,https://tiki.vn/ruou-champagnes/c68607,68607,https://tiki.vn/ruou-champagnes/c68607
Bách Hóa Online,https://tiki.vn/bach-hoa-online/c4384,"Rượu, bia và nước lên men",https://tiki.vn/ruou-bia-va-nuoc-len-men/c53582,Rượu trái cây,https://tiki.vn/ruou-trai-cay/c68609,68609,https://tiki.vn/ruou-trai-cay/c68609
Bách Hóa Online,https://tiki.vn/bach-hoa-online/c4384,Ngũ cốc và mứt,https://tiki.vn/ngu-coc-va-mut/c68576,Bánh ngũ cốc,https://tiki.vn/banh-ngu-coc/c68577,68577,https://tiki.vn/banh-ngu-coc/c68577
Bách Hóa Online,https://tiki.vn/bach-hoa-online/c4384,Ngũ cốc và mứt,https://tiki.vn/ngu-coc-va-mut/c68576,Bơ phết,https://tiki.vn/bo-phet/c68578,68578,https://tiki.vn/bo-phet/c68578
Bách Hóa Online,https://tiki.vn/bach-hoa-online/c4384,Ngũ cốc và mứt,https://tiki.vn/ngu-coc-va-mut/c68576,Bột ngũ cốc,https://tiki.vn/bot-ngu-coc/c68580,68580,https://tiki.vn/bot-ngu-coc/c68580
Bách Hóa Online,https://tiki.vn/bach-hoa-online/c4384,Ngũ cốc và mứt,https://tiki.vn/ngu-coc-va-mut/c68576,Mật Ong,https://tiki.vn/mat-ong/c68581,68581,https://tiki.vn/mat-ong/c68581
Bách Hóa Online,https://tiki.vn/bach-hoa-online/c4384,Ngũ cốc và mứt,https://tiki.vn/ngu-coc-va-mut/c68576,Mứt,https://tiki.vn/mut/c68582,68582,https://tiki.vn/mut/c68582
Bách Hóa Online,https://tiki.vn/bach-hoa-online/c4384,Ngũ cốc và mứt,https://tiki.vn/ngu-coc-va-mut/c68576,Ngũ cốc ăn sáng,https://tiki.vn/ngu-coc-an-sang/c68583,68583,https://tiki.vn/ngu-coc-an-sang/c68583
Bách Hóa Online,https://tiki.vn/bach-hoa-online/c4384,Ngũ cốc và mứt,https://tiki.vn/ngu-coc-va-mut/c68576,Ngũ cốc Muesli,https://tiki.vn/ngu-coc-muesli/c68584,68584,https://tiki.vn/ngu-coc-muesli/c68584
Bách Hóa Online,https://tiki.vn/bach-hoa-online/c4384,Ngũ cốc và mứt,https://tiki.vn/ngu-coc-va-mut/c68576,Thanh,https://tiki.vn/thanh/c68585,68585,https://tiki.vn/thanh/c68585
Bách Hóa Online,https://tiki.vn/bach-hoa-online/c4384,Ngũ cốc và mứt,https://tiki.vn/ngu-coc-va-mut/c68576,Yến mạch,https://tiki.vn/yen-mach/c68586,68586,https://tiki.vn/yen-mach/c68586
Thể Thao - Dã Ngoại,https://tiki.vn/the-thao-da-ngoai/c1975,,,,,1975,https://tiki.vn/the-thao-da-ngoai/c1975
Thể Thao - Dã Ngoại,https://tiki.vn/the-thao-da-ngoai/c1975,Các môn thể thao chơi vợt,https://tiki.vn/cac-mon-the-thao-choi-vot/c8411,,,8411,https://tiki.vn/cac-mon-the-thao-choi-vot/c8411
Thể Thao - Dã Ngoại,https://tiki.vn/the-thao-da-ngoai/c1975,Các môn thể thao đồng đội,https://tiki.vn/the-thao-dong-doi/c4227,,,4227,https://tiki.vn/the-thao-dong-doi/c4227
Thể Thao - Dã Ngoại,https://tiki.vn/the-thao-da-ngoai/c1975,Các môn thể thao đối kháng,https://tiki.vn/cac-mon-the-thao-doi-khang/c23120,,,23120,https://tiki.vn/cac-mon-the-thao-doi-khang/c23120
Thể Thao - Dã Ngoại,https://tiki.vn/the-thao-da-ngoai/c1975,Các môn thể thao khác,https://tiki.vn/cac-mon-the-thao-khac/c24002,,,24002,https://tiki.vn/cac-mon-the-thao-khac/c24002
Thể Thao - Dã Ngoại,https://tiki.vn/the-thao-da-ngoai/c1975,Giày thể thao nam,https://tiki.vn/giay-the-thao-nam/c6826,,,6826,https://tiki.vn/giay-the-thao-nam/c6826
Thể Thao - Dã Ngoại,https://tiki.vn/the-thao-da-ngoai/c1975,Giày thể thao nữ,https://tiki.vn/giay-the-thao-nu/c6827,,,6827,https://tiki.vn/giay-the-thao-nu/c6827
Thể Thao - Dã Ngoại,https://tiki.vn/the-thao-da-ngoai/c1975,Phụ kiện thể thao,https://tiki.vn/phu-kien-the-thao/c24306,,,24306,https://tiki.vn/phu-kien-the-thao/c24306
Thể Thao - Dã Ngoại,https://tiki.vn/the-thao-da-ngoai/c1975,Thể thao dưới nước,https://tiki.vn/the-thao-duoi-nuoc/c8413,,,8413,https://tiki.vn/the-thao-duoi-nuoc/c8413
Thể Thao - Dã Ngoại,https://tiki.vn/the-thao-da-ngoai/c1975,Thực phẩm bổ sung năng lượng,https://tiki.vn/thuc-pham-bo-sung-nang-luong/c10803,,,10803,https://tiki.vn/thuc-pham-bo-sung-nang-luong/c10803
Thể Thao - Dã Ngoại,https://tiki.vn/the-thao-da-ngoai/c1975,Đồ dùng dã ngoại & Leo núi,https://tiki.vn/do-dung-da-ngoai-leo-nui/c67485,,,67485,https://tiki.vn/do-dung-da-ngoai-leo-nui/c67485
Thể Thao - Dã Ngoại,https://tiki.vn/the-thao-da-ngoai/c1975,Trang phục thể thao,https://tiki.vn/trang-phuc-the-thao/c67647,,,67647,https://tiki.vn/trang-phuc-the-thao/c67647
Thể Thao - Dã Ngoại,https://tiki.vn/the-thao-da-ngoai/c1975,Chạy bộ và đi bộ,https://tiki.vn/chay-bo-va-di-bo/c67703,,,67703,https://tiki.vn/chay-bo-va-di-bo/c67703
Thể Thao - Dã Ngoại,https://tiki.vn/the-thao-da-ngoai/c1975,Gym và Boxing,https://tiki.vn/gym-va-boxing/c69498,,,69498,https://tiki.vn/gym-va-boxing/c69498
Thể Thao - Dã Ngoại,https://tiki.vn/the-thao-da-ngoai/c1975,Golf,https://tiki.vn/golf/c24064,,,24064,https://tiki.vn/golf/c24064
Thể Thao - Dã Ngoại,https://tiki.vn/the-thao-da-ngoai/c1975,Các môn thể thao chơi vợt,https://tiki.vn/cac-mon-the-thao-choi-vot/c8411,Bóng bàn,https://tiki.vn/bong-ban/c1977,1977,https://tiki.vn/bong-ban/c1977
Thể Thao - Dã Ngoại,https://tiki.vn/the-thao-da-ngoai/c1975,Các môn thể thao chơi vợt,https://tiki.vn/cac-mon-the-thao-choi-vot/c8411,Cầu lông,https://tiki.vn/cau-long/c8438,8438,https://tiki.vn/cau-long/c8438
Thể Thao - Dã Ngoại,https://tiki.vn/the-thao-da-ngoai/c1975,Các môn thể thao chơi vợt,https://tiki.vn/cac-mon-the-thao-choi-vot/c8411,Tennis và Pickleball,https://tiki.vn/tennis-va-pickleball/c8440,8440,https://tiki.vn/tennis-va-pickleball/c8440
Thể Thao - Dã Ngoại,https://tiki.vn/the-thao-da-ngoai/c1975,Các môn thể thao đồng đội,https://tiki.vn/the-thao-dong-doi/c4227,Bóng chày,https://tiki.vn/bong-chay/c8443,8443,https://tiki.vn/bong-chay/c8443
Thể Thao - Dã Ngoại,https://tiki.vn/the-thao-da-ngoai/c1975,Các môn thể thao đồng đội,https://tiki.vn/the-thao-dong-doi/c4227,Bóng rổ và dụng cụ bóng rổ,https://tiki.vn/bong-ro-va-dung-cu-bong-ro/c2980,2980,https://tiki.vn/bong-ro-va-dung-cu-bong-ro/c2980
Thể Thao - Dã Ngoại,https://tiki.vn/the-thao-da-ngoai/c1975,Các môn thể thao đồng đội,https://tiki.vn/the-thao-dong-doi/c4227,Bóng Đá,https://tiki.vn/bong-da/c2981,2981,https://tiki.vn/bong-da/c2981
Thể Thao - Dã Ngoại,https://tiki.vn/the-thao-da-ngoai/c1975,Các môn thể thao đồng đội,https://tiki.vn/the-thao-dong-doi/c4227,Bóng chuyền,https://tiki.vn/bong-chuyen/c8444,8444,https://tiki.vn/bong-chuyen/c8444
Thể Thao - Dã Ngoại,https://tiki.vn/the-thao-da-ngoai/c1975,Các môn thể thao đồng đội,https://tiki.vn/the-thao-dong-doi/c4227,Cầu Đá - Cầu Mây,https://tiki.vn/cau-da-cau-may/c2156,2156,https://tiki.vn/cau-da-cau-may/c2156
Thể Thao - Dã Ngoại,https://tiki.vn/the-thao-da-ngoai/c1975,Các môn thể thao đối kháng,https://tiki.vn/cac-mon-the-thao-doi-khang/c23120,Võ phục,https://tiki.vn/vo-phuc/c67442,67442,https://tiki.vn/vo-phuc/c67442
Thể Thao - Dã Ngoại,https://tiki.vn/the-thao-da-ngoai/c1975,Các môn thể thao khác,https://tiki.vn/cac-mon-the-thao-khac/c24002,Thể dục dụng cụ,https://tiki.vn/the-duc-dung-cu/c8445,8445,https://tiki.vn/the-duc-dung-cu/c8445
Thể Thao - Dã Ngoại,https://tiki.vn/the-thao-da-ngoai/c1975,Các môn thể thao khác,https://tiki.vn/cac-mon-the-thao-khac/c24002,Bida,https://tiki.vn/bida/c24052,24052,https://tiki.vn/bida/c24052
Thể Thao - Dã Ngoại,https://tiki.vn/the-thao-da-ngoai/c1975,Các môn thể thao khác,https://tiki.vn/cac-mon-the-thao-khac/c24002,Phóng phi tiêu,https://tiki.vn/phong-phi-tieu/c24058,24058,https://tiki.vn/phong-phi-tieu/c24058
Thể Thao - Dã Ngoại,https://tiki.vn/the-thao-da-ngoai/c1975,Các môn thể thao khác,https://tiki.vn/cac-mon-the-thao-khac/c24002,Trượt patin,https://tiki.vn/truot-patin/c24068,24068,https://tiki.vn/truot-patin/c24068
Thể Thao - Dã Ngoại,https://tiki.vn/the-thao-da-ngoai/c1975,Các môn thể thao khác,https://tiki.vn/cac-mon-the-thao-khac/c24002,Yoga & Pilates,https://tiki.vn/yoga-pilates/c24074,24074,https://tiki.vn/yoga-pilates/c24074
Thể Thao - Dã Ngoại,https://tiki.vn/the-thao-da-ngoai/c1975,Các môn thể thao khác,https://tiki.vn/cac-mon-the-thao-khac/c24002,Trượt ván,https://tiki.vn/truot-van/c8437,8437,https://tiki.vn/truot-van/c8437
Thể Thao - Dã Ngoại,https://tiki.vn/the-thao-da-ngoai/c1975,Các môn thể thao khác,https://tiki.vn/cac-mon-the-thao-khac/c24002,Đạp xe,https://tiki.vn/dap-xe/c69617,69617,https://tiki.vn/dap-xe/c69617
Thể Thao - Dã Ngoại,https://tiki.vn/the-thao-da-ngoai/c1975,Các môn thể thao khác,https://tiki.vn/cac-mon-the-thao-khac/c24002,Câu cá,https://tiki.vn/cau-ca/c24294,24294,https://tiki.vn/cau-ca/c24294
Thể Thao - Dã Ngoại,https://tiki.vn/the-thao-da-ngoai/c1975,Giày thể thao nam,https://tiki.vn/giay-the-thao-nam/c6826,Giày đánh golf nam,https://tiki.vn/giay-danh-golf-nam/c24190,24190,https://tiki.vn/giay-danh-golf-nam/c24190
Thể Thao - Dã Ngoại,https://tiki.vn/the-thao-da-ngoai/c1975,Giày thể thao nam,https://tiki.vn/giay-the-thao-nam/c6826,Giày thể thao nam khác,https://tiki.vn/giay-the-thao-nam-khac/c30964,30964,https://tiki.vn/giay-the-thao-nam-khac/c30964
Thể Thao - Dã Ngoại,https://tiki.vn/the-thao-da-ngoai/c1975,Giày thể thao nữ,https://tiki.vn/giay-the-thao-nu/c6827,Giày thể thao nữ khác,https://tiki.vn/giay-the-thao-nu-khac/c32874,32874,https://tiki.vn/giay-the-thao-nu-khac/c32874
Thể Thao - Dã Ngoại,https://tiki.vn/the-thao-da-ngoai/c1975,Giày thể thao nữ,https://tiki.vn/giay-the-thao-nu/c6827,Giày lội nước nữ,https://tiki.vn/giay-loi-nuoc-nu/c67622,67622,https://tiki.vn/giay-loi-nuoc-nu/c67622
Thể Thao - Dã Ngoại,https://tiki.vn/the-thao-da-ngoai/c1975,Phụ kiện thể thao,https://tiki.vn/phu-kien-the-thao/c24306,Phụ kiện thể thao khác,https://tiki.vn/phu-kien-the-thao-khac/c24318,24318,https://tiki.vn/phu-kien-the-thao-khac/c24318
Thể Thao - Dã Ngoại,https://tiki.vn/the-thao-da-ngoai/c1975,Thể thao dưới nước,https://tiki.vn/the-thao-duoi-nuoc/c8413,Bơi lội,https://tiki.vn/boi-loi/c2157,2157,https://tiki.vn/boi-loi/c2157
Thể Thao - Dã Ngoại,https://tiki.vn/the-thao-da-ngoai/c1975,Thể thao dưới nước,https://tiki.vn/the-thao-duoi-nuoc/c8413,Lướt ván,https://tiki.vn/luot-van/c8447,8447,https://tiki.vn/luot-van/c8447
Thể Thao - Dã Ngoại,https://tiki.vn/the-thao-da-ngoai/c1975,Thể thao dưới nước,https://tiki.vn/the-thao-duoi-nuoc/c8413,Lặn biển,https://tiki.vn/lan-bien/c24328,24328,https://tiki.vn/lan-bien/c24328
Thể Thao - Dã Ngoại,https://tiki.vn/the-thao-da-ngoai/c1975,Thực phẩm bổ sung năng lượng,https://tiki.vn/thuc-pham-bo-sung-nang-luong/c10803,Thực phẩm tăng cân,https://tiki.vn/thuc-pham-tang-can/c10804,10804,https://tiki.vn/thuc-pham-tang-can/c10804
Thể Thao - Dã Ngoại,https://tiki.vn/the-thao-da-ngoai/c1975,Thực phẩm bổ sung năng lượng,https://tiki.vn/thuc-pham-bo-sung-nang-luong/c10803,Thực phẩm giảm cân,https://tiki.vn/thuc-pham-giam-can/c10805,10805,https://tiki.vn/thuc-pham-giam-can/c10805
Thể Thao - Dã Ngoại,https://tiki.vn/the-thao-da-ngoai/c1975,Thực phẩm bổ sung năng lượng,https://tiki.vn/thuc-pham-bo-sung-nang-luong/c10803,Thực phẩm tăng cơ,https://tiki.vn/thuc-pham-tang-co/c10806,10806,https://tiki.vn/thuc-pham-tang-co/c10806
Thể Thao - Dã Ngoại,https://tiki.vn/the-thao-da-ngoai/c1975,Thực phẩm bổ sung năng lượng,https://tiki.vn/thuc-pham-bo-sung-nang-luong/c10803,Tăng sức bền và bổ sung năng lượng,https://tiki.vn/tang-suc-ben-va-bo-sung-nang-luong/c10807,10807,https://tiki.vn/tang-suc-ben-va-bo-sung-nang-luong/c10807
Thể Thao - Dã Ngoại,https://tiki.vn/the-thao-da-ngoai/c1975,Đồ dùng dã ngoại & Leo núi,https://tiki.vn/do-dung-da-ngoai-leo-nui/c67485,Đồ dùng dã ngoại,https://tiki.vn/do-dung-da-ngoai/c8428,8428,https://tiki.vn/do-dung-da-ngoai/c8428
Thể Thao - Dã Ngoại,https://tiki.vn/the-thao-da-ngoai/c1975,Đồ dùng dã ngoại & Leo núi,https://tiki.vn/do-dung-da-ngoai-leo-nui/c67485,Dụng cụ leo núi,https://tiki.vn/dung-cu-leo-nui/c24258,24258,https://tiki.vn/dung-cu-leo-nui/c24258
Thể Thao - Dã Ngoại,https://tiki.vn/the-thao-da-ngoai/c1975,Đồ dùng dã ngoại & Leo núi,https://tiki.vn/do-dung-da-ngoai-leo-nui/c67485,Trang phục dã ngoại và leo núi,https://tiki.vn/trang-phuc-da-ngoai-va-leo-nui/c67655,67655,https://tiki.vn/trang-phuc-da-ngoai-va-leo-nui/c67655
Thể Thao - Dã Ngoại,https://tiki.vn/the-thao-da-ngoai/c1975,Trang phục thể thao,https://tiki.vn/trang-phuc-the-thao/c67647,Trang phục thể thao nam,https://tiki.vn/trang-phuc-the-thao-nam/c6140,6140,https://tiki.vn/trang-phuc-the-thao-nam/c6140
Thể Thao - Dã Ngoại,https://tiki.vn/the-thao-da-ngoai/c1975,Trang phục thể thao,https://tiki.vn/trang-phuc-the-thao/c67647,Trang phục thể thao nữ,https://tiki.vn/trang-phuc-the-thao-nu/c6141,6141,https://tiki.vn/trang-phuc-the-thao-nu/c6141
Thể Thao - Dã Ngoại,https://tiki.vn/the-thao-da-ngoai/c1975,Chạy bộ và đi bộ,https://tiki.vn/chay-bo-va-di-bo/c67703,Phụ kiện chạy bộ và đi bộ,https://tiki.vn/phu-kien-chay-bo-va-di-bo/c67498,67498,https://tiki.vn/phu-kien-chay-bo-va-di-bo/c67498
Thể Thao - Dã Ngoại,https://tiki.vn/the-thao-da-ngoai/c1975,Chạy bộ và đi bộ,https://tiki.vn/chay-bo-va-di-bo/c67703,Quần áo chạy bộ và đi bộ,https://tiki.vn/quan-ao-chay-bo-va-di-bo/c67648,67648,https://tiki.vn/quan-ao-chay-bo-va-di-bo/c67648
Thể Thao - Dã Ngoại,https://tiki.vn/the-thao-da-ngoai/c1975,Gym và Boxing,https://tiki.vn/gym-va-boxing/c69498,Dụng cụ - thiết bị tập thể thao,https://tiki.vn/dung-cu-thiet-bi-tap-the-thao/c24128,24128,https://tiki.vn/dung-cu-thiet-bi-tap-the-thao/c24128
Thể Thao - Dã Ngoại,https://tiki.vn/the-thao-da-ngoai/c1975,Gym và Boxing,https://tiki.vn/gym-va-boxing/c69498,Phụ kiện Gym và Boxing,https://tiki.vn/phu-kien-gym-va-boxing/c69626,69626,https://tiki.vn/phu-kien-gym-va-boxing/c69626
Thể Thao - Dã Ngoại,https://tiki.vn/the-thao-da-ngoai/c1975,Gym và Boxing,https://tiki.vn/gym-va-boxing/c69498,Trang phục tập Gym và Boxing,https://tiki.vn/trang-phuc-tap-gym-va-boxing/c69627,69627,https://tiki.vn/trang-phuc-tap-gym-va-boxing/c69627
Thể Thao - Dã Ngoại,https://tiki.vn/the-thao-da-ngoai/c1975,Golf,https://tiki.vn/golf/c24064,Gậy Golf,https://tiki.vn/gay-golf/c24092,24092,https://tiki.vn/gay-golf/c24092
Thể Thao - Dã Ngoại,https://tiki.vn/the-thao-da-ngoai/c1975,Golf,https://tiki.vn/golf/c24064,Túi Golf,https://tiki.vn/tui-golf/c24094,24094,https://tiki.vn/tui-golf/c24094
Thể Thao - Dã Ngoại,https://tiki.vn/the-thao-da-ngoai/c1975,Golf,https://tiki.vn/golf/c24064,Banh Golf,https://tiki.vn/banh-golf/c24096,24096,https://tiki.vn/banh-golf/c24096
Thể Thao - Dã Ngoại,https://tiki.vn/the-thao-da-ngoai/c1975,Golf,https://tiki.vn/golf/c24064,Găng tay Golf,https://tiki.vn/gang-tay-golf/c24098,24098,https://tiki.vn/gang-tay-golf/c24098
Thể Thao - Dã Ngoại,https://tiki.vn/the-thao-da-ngoai/c1975,Golf,https://tiki.vn/golf/c24064,Thảm tập Golf,https://tiki.vn/tham-tap-golf/c24100,24100,https://tiki.vn/tham-tap-golf/c24100
Thể Thao - Dã Ngoại,https://tiki.vn/the-thao-da-ngoai/c1975,Golf,https://tiki.vn/golf/c24064,Phụ kiện Golf,https://tiki.vn/phu-kien-golf/c24102,24102,https://tiki.vn/phu-kien-golf/c24102
Thời trang nam,https://tiki.vn/thoi-trang-nam/c915,,,,,915,https://tiki.vn/thoi-trang-nam/c915
Thời trang nam,https://tiki.vn/thoi-trang-nam/c915,Áo thun nam,https://tiki.vn/ao-thun-nam/c917,,,917,https://tiki.vn/ao-thun-nam/c917
Thời trang nam,https://tiki.vn/thoi-trang-nam/c915,Áo sơ mi nam,https://tiki.vn/ao-so-mi-nam/c918,,,918,https://tiki.vn/ao-so-mi-nam/c918
Thời trang nam,https://tiki.vn/thoi-trang-nam/c915,Áo vest - Áo khoác nam,https://tiki.vn/ao-vest-ao-khoac-nam/c925,,,925,https://tiki.vn/ao-vest-ao-khoac-nam/c925
Thời trang nam,https://tiki.vn/thoi-trang-nam/c915,Áo hoodie nam,https://tiki.vn/ao-hoodie-nam/c10382,,,10382,https://tiki.vn/ao-hoodie-nam/c10382
Thời trang nam,https://tiki.vn/thoi-trang-nam/c915,Áo nỉ - Áo len nam,https://tiki.vn/ao-ni-ao-len-nam/c4546,,,4546,https://tiki.vn/ao-ni-ao-len-nam/c4546
Thời trang nam,https://tiki.vn/thoi-trang-nam/c915,Quần dài nam,https://tiki.vn/quan-dai-nam/c27562,,,27562,https://tiki.vn/quan-dai-nam/c27562
Thời trang nam,https://tiki.vn/thoi-trang-nam/c915,"Đồ ngủ, đồ mặc nhà nam",https://tiki.vn/do-ngu-do-mac-nha-nam/c27570,,,27570,https://tiki.vn/do-ngu-do-mac-nha-nam/c27570
Thời trang nam,https://tiki.vn/thoi-trang-nam/c915,Đồ lót nam,https://tiki.vn/do-lot-nam/c27548,,,27548,https://tiki.vn/do-lot-nam/c27548
Thời trang nam,https://tiki.vn/thoi-trang-nam/c915,Quần áo nam kích cỡ lớn,https://tiki.vn/quan-ao-nam-kich-co-lon/c49524,,,49524,https://tiki.vn/quan-ao-nam-kich-co-lon/c49524
Thời trang nam,https://tiki.vn/thoi-trang-nam/c915,Quần áo nam trung niên,https://tiki.vn/quan-ao-nam-trung-nien/c49532,,,49532,https://tiki.vn/quan-ao-nam-trung-nien/c49532
Thời trang nam,https://tiki.vn/thoi-trang-nam/c915,Đồ bơi - Đồ đi biển nam,https://tiki.vn/do-boi-do-di-bien-nam/c16004,,,16004,https://tiki.vn/do-boi-do-di-bien-nam/c16004
Thời trang nam,https://tiki.vn/thoi-trang-nam/c915,Bộ trang phục nam,https://tiki.vn/bo-trang-phuc-nam/c67309,,,67309,https://tiki.vn/bo-trang-phuc-nam/c67309
Thời trang nam,https://tiki.vn/thoi-trang-nam/c915,Quần short nam,https://tiki.vn/quan-short-nam/c67329,,,67329,https://tiki.vn/quan-short-nam/c67329
Thời trang nam,https://tiki.vn/thoi-trang-nam/c915,Áo thun nam,https://tiki.vn/ao-thun-nam/c917,Áo thun nam ngắn tay có cổ,https://tiki.vn/ao-thun-nam-ngan-tay-co-co/c5333,5333,https://tiki.vn/ao-thun-nam-ngan-tay-co-co/c5333
Thời trang nam,https://tiki.vn/thoi-trang-nam/c915,Áo thun nam,https://tiki.vn/ao-thun-nam/c917,Áo thun nam ngắn tay không cổ,https://tiki.vn/ao-thun-nam-ngan-tay-khong-co/c1685,1685,https://tiki.vn/ao-thun-nam-ngan-tay-khong-co/c1685
Thời trang nam,https://tiki.vn/thoi-trang-nam/c915,Áo thun nam,https://tiki.vn/ao-thun-nam/c917,Áo thun nam ba lỗ,https://tiki.vn/ao-thun-nam-ba-lo/c10378,10378,https://tiki.vn/ao-thun-nam-ba-lo/c10378
Thời trang nam,https://tiki.vn/thoi-trang-nam/c915,Áo thun nam,https://tiki.vn/ao-thun-nam/c917,Áo thun nam dài tay không cổ,https://tiki.vn/ao-thun-nam-dai-tay-khong-co/c8336,8336,https://tiki.vn/ao-thun-nam-dai-tay-khong-co/c8336
Thời trang nam,https://tiki.vn/thoi-trang-nam/c915,Áo thun nam,https://tiki.vn/ao-thun-nam/c917,Áo thun nam dài tay có cổ,https://tiki.vn/ao-thun-nam-dai-tay-co-co/c67298,67298,https://tiki.vn/ao-thun-nam-dai-tay-co-co/c67298
Thời trang nam,https://tiki.vn/thoi-trang-nam/c915,Áo sơ mi nam,https://tiki.vn/ao-so-mi-nam/c918,Áo sơ mi nam tay dài,https://tiki.vn/ao-so-mi-nam-tay-dai/c10379,10379,https://tiki.vn/ao-so-mi-nam-tay-dai/c10379
Thời trang nam,https://tiki.vn/thoi-trang-nam/c915,Áo sơ mi nam,https://tiki.vn/ao-so-mi-nam/c918,Áo sơ mi nam tay ngắn,https://tiki.vn/ao-so-mi-nam-tay-ngan/c10380,10380,https://tiki.vn/ao-so-mi-nam-tay-ngan/c10380
Thời trang nam,https://tiki.vn/thoi-trang-nam/c915,Áo sơ mi nam,https://tiki.vn/ao-so-mi-nam/c918,Áo sơ mi nam cổ tàu,https://tiki.vn/ao-so-mi-nam-co-tau/c49444,49444,https://tiki.vn/ao-so-mi-nam-co-tau/c49444
Thời trang nam,https://tiki.vn/thoi-trang-nam/c915,Áo vest - Áo khoác nam,https://tiki.vn/ao-vest-ao-khoac-nam/c925,Áo khoác phao nam,https://tiki.vn/ao-khoac-phao-nam/c10381,10381,https://tiki.vn/ao-khoac-phao-nam/c10381
Thời trang nam,https://tiki.vn/thoi-trang-nam/c915,Áo vest - Áo khoác nam,https://tiki.vn/ao-vest-ao-khoac-nam/c925,Áo khoác da nam,https://tiki.vn/ao-khoac-da-nam/c49456,49456,https://tiki.vn/ao-khoac-da-nam/c49456
Thời trang nam,https://tiki.vn/thoi-trang-nam/c915,Áo vest - Áo khoác nam,https://tiki.vn/ao-vest-ao-khoac-nam/c925,Áo khoác gió,https://tiki.vn/ao-khoac-gio/c49458,49458,https://tiki.vn/ao-khoac-gio/c49458
Thời trang nam,https://tiki.vn/thoi-trang-nam/c915,Áo vest - Áo khoác nam,https://tiki.vn/ao-vest-ao-khoac-nam/c925,Áo khoác nỉ,https://tiki.vn/ao-khoac-ni/c49460,49460,https://tiki.vn/ao-khoac-ni/c49460
Thời trang nam,https://tiki.vn/thoi-trang-nam/c915,Áo vest - Áo khoác nam,https://tiki.vn/ao-vest-ao-khoac-nam/c925,Áo khoác bomber nam,https://tiki.vn/ao-khoac-bomber-nam/c49464,49464,https://tiki.vn/ao-khoac-bomber-nam/c49464
Thời trang nam,https://tiki.vn/thoi-trang-nam/c915,Áo vest - Áo khoác nam,https://tiki.vn/ao-vest-ao-khoac-nam/c925,Áo khoác jeans nam,https://tiki.vn/ao-khoac-jeans-nam/c49508,49508,https://tiki.vn/ao-khoac-jeans-nam/c49508
Thời trang nam,https://tiki.vn/thoi-trang-nam/c915,Áo vest - Áo khoác nam,https://tiki.vn/ao-vest-ao-khoac-nam/c925,Áo cardigan nam,https://tiki.vn/ao-cardigan-nam/c27552,27552,https://tiki.vn/ao-cardigan-nam/c27552
Thời trang nam,https://tiki.vn/thoi-trang-nam/c915,Áo vest - Áo khoác nam,https://tiki.vn/ao-vest-ao-khoac-nam/c925,Áo vest và Blazer nam,https://tiki.vn/ao-vest-va-blazer-nam/c27566,27566,https://tiki.vn/ao-vest-va-blazer-nam/c27566
Thời trang nam,https://tiki.vn/thoi-trang-nam/c915,Áo hoodie nam,https://tiki.vn/ao-hoodie-nam/c10382,Áo hoodies nam vải da cá,https://tiki.vn/ao-hoodies-nam-vai-da-ca/c49510,49510,https://tiki.vn/ao-hoodies-nam-vai-da-ca/c49510
Thời trang nam,https://tiki.vn/thoi-trang-nam/c915,Áo hoodie nam,https://tiki.vn/ao-hoodie-nam/c10382,Áo hoodies nam vải nỉ,https://tiki.vn/ao-hoodies-nam-vai-ni/c49512,49512,https://tiki.vn/ao-hoodies-nam-vai-ni/c49512
Thời trang nam,https://tiki.vn/thoi-trang-nam/c915,Áo hoodie nam,https://tiki.vn/ao-hoodie-nam/c10382,Áo hoodies nam vải cotton,https://tiki.vn/ao-hoodies-nam-vai-cotton/c49514,49514,https://tiki.vn/ao-hoodies-nam-vai-cotton/c49514
Thời trang nam,https://tiki.vn/thoi-trang-nam/c915,Áo nỉ - Áo len nam,https://tiki.vn/ao-ni-ao-len-nam/c4546,Áo len dệt kim,https://tiki.vn/ao-len-det-kim/c27554,27554,https://tiki.vn/ao-len-det-kim/c27554
Thời trang nam,https://tiki.vn/thoi-trang-nam/c915,Áo nỉ - Áo len nam,https://tiki.vn/ao-ni-ao-len-nam/c4546,Áo nỉ nam,https://tiki.vn/ao-ni-nam/c22900,22900,https://tiki.vn/ao-ni-nam/c22900
Thời trang nam,https://tiki.vn/thoi-trang-nam/c915,Quần dài nam,https://tiki.vn/quan-dai-nam/c27562,Quần tây nam,https://tiki.vn/quan-tay-nam/c922,922,https://tiki.vn/quan-tay-nam/c922
Thời trang nam,https://tiki.vn/thoi-trang-nam/c915,Quần dài nam,https://tiki.vn/quan-dai-nam/c27562,Quần kaki nam,https://tiki.vn/thoi-trang-nam-quan-kaki/c921,921,https://tiki.vn/thoi-trang-nam-quan-kaki/c921
Thời trang nam,https://tiki.vn/thoi-trang-nam/c915,Quần dài nam,https://tiki.vn/quan-dai-nam/c27562,Quần jogger nam,https://tiki.vn/quan-jogger-nam/c5409,5409,https://tiki.vn/quan-jogger-nam/c5409
Thời trang nam,https://tiki.vn/thoi-trang-nam/c915,Quần dài nam,https://tiki.vn/quan-dai-nam/c27562,Quần jeans nam,https://tiki.vn/quan-jeans-nam/c49496,49496,https://tiki.vn/quan-jeans-nam/c49496
Thời trang nam,https://tiki.vn/thoi-trang-nam/c915,Quần dài nam,https://tiki.vn/quan-dai-nam/c27562,Quần kaki nam dài,https://tiki.vn/quan-kaki-nam-dai/c49500,49500,https://tiki.vn/quan-kaki-nam-dai/c49500
Thời trang nam,https://tiki.vn/thoi-trang-nam/c915,Quần dài nam,https://tiki.vn/quan-dai-nam/c27562,Quần thun nam,https://tiki.vn/quan-thun-nam/c49506,49506,https://tiki.vn/quan-thun-nam/c49506
Thời trang nam,https://tiki.vn/thoi-trang-nam/c915,"Đồ ngủ, đồ mặc nhà nam",https://tiki.vn/do-ngu-do-mac-nha-nam/c27570,Đồ mặc nhà nam - Bộ dài,https://tiki.vn/do-mac-nha-nam-bo-dai/c2269,2269,https://tiki.vn/do-mac-nha-nam-bo-dai/c2269
Thời trang nam,https://tiki.vn/thoi-trang-nam/c915,"Đồ ngủ, đồ mặc nhà nam",https://tiki.vn/do-ngu-do-mac-nha-nam/c27570,Đồ mặc nhà nam - Bộ ngắn,https://tiki.vn/do-mac-nha-nam-bo-ngan/c4555,4555,https://tiki.vn/do-mac-nha-nam-bo-ngan/c4555
Thời trang nam,https://tiki.vn/thoi-trang-nam/c915,Đồ lót nam,https://tiki.vn/do-lot-nam/c27548,Quần lót nam,https://tiki.vn/quan-lot-nam/c4556,4556,https://tiki.vn/quan-lot-nam/c4556
Thời trang nam,https://tiki.vn/thoi-trang-nam/c915,Đồ lót nam,https://tiki.vn/do-lot-nam/c27548,Bộ đồ lót nam,https://tiki.vn/bo-do-lot-nam/c4557,4557,https://tiki.vn/bo-do-lot-nam/c4557
Thời trang nam,https://tiki.vn/thoi-trang-nam/c915,Đồ lót nam,https://tiki.vn/do-lot-nam/c27548,Đồ lót giữ nhiệt nam,https://tiki.vn/do-lot-giu-nhiet-nam/c67328,67328,https://tiki.vn/do-lot-giu-nhiet-nam/c67328
Thời trang nam,https://tiki.vn/thoi-trang-nam/c915,Quần áo nam kích cỡ lớn,https://tiki.vn/quan-ao-nam-kich-co-lon/c49524,Bộ quần áo nam kích cỡ lớn,https://tiki.vn/bo-quan-ao-nam-kich-co-lon/c49530,49530,https://tiki.vn/bo-quan-ao-nam-kich-co-lon/c49530
Thời trang nam,https://tiki.vn/thoi-trang-nam/c915,Quần áo nam trung niên,https://tiki.vn/quan-ao-nam-trung-nien/c49532,Áo nam trung niên,https://tiki.vn/ao-nam-trung-nien/c49534,49534,https://tiki.vn/ao-nam-trung-nien/c49534
Thời trang nam,https://tiki.vn/thoi-trang-nam/c915,Đồ bơi - Đồ đi biển nam,https://tiki.vn/do-boi-do-di-bien-nam/c16004,Áo bơi - đi biển nam,https://tiki.vn/ao-boi-di-bien-nam/c49538,49538,https://tiki.vn/ao-boi-di-bien-nam/c49538
Thời trang nam,https://tiki.vn/thoi-trang-nam/c915,Đồ bơi - Đồ đi biển nam,https://tiki.vn/do-boi-do-di-bien-nam/c16004,Quần bơi - đi biển nam,https://tiki.vn/quan-boi-di-bien-nam/c49540,49540,https://tiki.vn/quan-boi-di-bien-nam/c49540
Thời trang nam,https://tiki.vn/thoi-trang-nam/c915,Bộ trang phục nam,https://tiki.vn/bo-trang-phuc-nam/c67309,Bộ trang phục ngành nghề cho nam,https://tiki.vn/bo-trang-phuc-nganh-nghe-cho-nam/c67310,67310,https://tiki.vn/bo-trang-phuc-nganh-nghe-cho-nam/c67310
Thời trang nam,https://tiki.vn/thoi-trang-nam/c915,Bộ trang phục nam,https://tiki.vn/bo-trang-phuc-nam/c67309,Bộ trang phục truyền thống nam,https://tiki.vn/bo-trang-phuc-truyen-thong-nam/c67311,67311,https://tiki.vn/bo-trang-phuc-truyen-thong-nam/c67311
Thời trang nam,https://tiki.vn/thoi-trang-nam/c915,Bộ trang phục nam,https://tiki.vn/bo-trang-phuc-nam/c67309,Đồ hóa trang nam,https://tiki.vn/do-hoa-trang-nam/c67312,67312,https://tiki.vn/do-hoa-trang-nam/c67312
Thời trang nam,https://tiki.vn/thoi-trang-nam/c915,Quần short nam,https://tiki.vn/quan-short-nam/c67329,Quần short jean nam,https://tiki.vn/quan-short-jean-nam/c49494,49494,https://tiki.vn/quan-short-jean-nam/c49494
Thời trang nam,https://tiki.vn/thoi-trang-nam/c915,Quần short nam,https://tiki.vn/quan-short-nam/c67329,Quần short kaki nam,https://tiki.vn/quan-short-kaki-nam/c49498,49498,https://tiki.vn/quan-short-kaki-nam/c49498
Thời trang nam,https://tiki.vn/thoi-trang-nam/c915,Quần short nam,https://tiki.vn/quan-short-nam/c67329,Quần short thun nam,https://tiki.vn/quan-short-thun-nam/c49504,49504,https://tiki.vn/quan-short-thun-nam/c49504
Cross Border - Hàng Quốc Tế,https://tiki.vn/cross-border-hang-quoc-te/c17166,,,,,17166,https://tiki.vn/cross-border-hang-quoc-te/c17166
Cross Border - Hàng Quốc Tế,https://tiki.vn/cross-border-hang-quoc-te/c17166,Điện gia dụng,https://tiki.vn/dien-gia-dung/c20824,,,20824,https://tiki.vn/dien-gia-dung/c20824
Cross Border - Hàng Quốc Tế,https://tiki.vn/cross-border-hang-quoc-te/c17166,Mẹ & Bé,https://tiki.vn/me-be/c21166,,,21166,https://tiki.vn/me-be/c21166
Cross Border - Hàng Quốc Tế,https://tiki.vn/cross-border-hang-quoc-te/c17166,Nhà Cửa - Đời Sống,https://tiki.vn/nha-cua-doi-song/c21268,,,21268,https://tiki.vn/nha-cua-doi-song/c21268
Cross Border - Hàng Quốc Tế,https://tiki.vn/cross-border-hang-quoc-te/c17166,"Sách, Văn phòng phẩm & Quà lưu niệm",https://tiki.vn/sach-van-phong-pham-qua-luu-niem/c21298,,,21298,https://tiki.vn/sach-van-phong-pham-qua-luu-niem/c21298
Cross Border - Hàng Quốc Tế,https://tiki.vn/cross-border-hang-quoc-te/c17166,Thời Trang,https://tiki.vn/thoi-trang/c21442,,,21442,https://tiki.vn/thoi-trang/c21442
Cross Border - Hàng Quốc Tế,https://tiki.vn/cross-border-hang-quoc-te/c17166,Điện gia dụng,https://tiki.vn/dien-gia-dung/c20824,Thiết bị nhà bếp,https://tiki.vn/thiet-bi-nha-bep/c20828,20828,https://tiki.vn/thiet-bi-nha-bep/c20828
Cross Border - Hàng Quốc Tế,https://tiki.vn/cross-border-hang-quoc-te/c17166,Điện gia dụng,https://tiki.vn/dien-gia-dung/c20824,Thiết bị gia đình,https://tiki.vn/thiet-bi-gia-dinh/c20862,20862,https://tiki.vn/thiet-bi-gia-dinh/c20862
Cross Border - Hàng Quốc Tế,https://tiki.vn/cross-border-hang-quoc-te/c17166,Mẹ & Bé,https://tiki.vn/me-be/c21166,Dinh dưỡng cho người lớn,https://tiki.vn/dinh-duong-cho-nguoi-lon/c21174,21174,https://tiki.vn/dinh-duong-cho-nguoi-lon/c21174
Cross Border - Hàng Quốc Tế,https://tiki.vn/cross-border-hang-quoc-te/c17166,Nhà Cửa - Đời Sống,https://tiki.vn/nha-cua-doi-song/c21268,Dụng cụ phòng ăn & nhà bếp,https://tiki.vn/dung-cu-phong-an-nha-bep/c21270,21270,https://tiki.vn/dung-cu-phong-an-nha-bep/c21270
Cross Border - Hàng Quốc Tế,https://tiki.vn/cross-border-hang-quoc-te/c17166,"Sách, Văn phòng phẩm & Quà lưu niệm",https://tiki.vn/sach-van-phong-pham-qua-luu-niem/c21298,English Books,https://tiki.vn/english-books/c21300,21300,https://tiki.vn/english-books/c21300
Cross Border - Hàng Quốc Tế,https://tiki.vn/cross-border-hang-quoc-te/c17166,"Sách, Văn phòng phẩm & Quà lưu niệm",https://tiki.vn/sach-van-phong-pham-qua-luu-niem/c21298,Văn Phòng Phẩm,https://tiki.vn/van-phong-pham/c21334,21334,https://tiki.vn/van-phong-pham/c21334
Cross Border - Hàng Quốc Tế,https://tiki.vn/cross-border-hang-quoc-te/c17166,Thời Trang,https://tiki.vn/thoi-trang/c21442,Túi xách và Phụ kiện,https://tiki.vn/tui-xach-va-phu-kien/c21488,21488,https://tiki.vn/tui-xach-va-phu-kien/c21488
Laptop - Máy Vi Tính - Linh kiện,https://tiki.vn/laptop-may-vi-tinh-linh-kien/c1846,,,,,1846,https://tiki.vn/laptop-may-vi-tinh-linh-kien/c1846
Laptop - Máy Vi Tính - Linh kiện,https://tiki.vn/laptop-may-vi-tinh-linh-kien/c1846,Laptop,https://tiki.vn/laptop/c8095,,,8095,https://tiki.vn/laptop/c8095
Laptop - Máy Vi Tính - Linh kiện,https://tiki.vn/laptop-may-vi-tinh-linh-kien/c1846,Thiết Bị Văn Phòng - Thiết Bị Ngoại Vi,https://tiki.vn/thiet-bi-van-phong-thiet-bi-ngoai-vi/c12884,,,12884,https://tiki.vn/thiet-bi-van-phong-thiet-bi-ngoai-vi/c12884
Laptop - Máy Vi Tính - Linh kiện,https://tiki.vn/laptop-may-vi-tinh-linh-kien/c1846,Thiết Bị Lưu Trữ,https://tiki.vn/thiet-bi-luu-tru/c8060,,,8060,https://tiki.vn/thiet-bi-luu-tru/c8060
Laptop - Máy Vi Tính - Linh kiện,https://tiki.vn/laptop-may-vi-tinh-linh-kien/c1846,Thiết Bị Mạng,https://tiki.vn/thiet-bi-mang/c2663,,,2663,https://tiki.vn/thiet-bi-mang/c2663
Laptop - Máy Vi Tính - Linh kiện,https://tiki.vn/laptop-may-vi-tinh-linh-kien/c1846,PC - Máy Tính Bộ,https://tiki.vn/pc-may-tinh-bo/c8093,,,8093,https://tiki.vn/pc-may-tinh-bo/c8093
Laptop - Máy Vi Tính - Linh kiện,https://tiki.vn/laptop-may-vi-tinh-linh-kien/c1846,Linh Kiện Máy Tính - Phụ Kiện Máy Tính,https://tiki.vn/linh-kien-may-tinh-phu-kien-may-tinh/c8129,,,8129,https://tiki.vn/linh-kien-may-tinh-phu-kien-may-tinh/c8129
Laptop - Máy Vi Tính - Linh kiện,https://tiki.vn/laptop-may-vi-tinh-linh-kien/c1846,Laptop,https://tiki.vn/laptop/c8095,Laptop Truyền Thống,https://tiki.vn/laptop-truyen-thong/c29010,29010,https://tiki.vn/laptop-truyen-thong/c29010
Laptop - Máy Vi Tính - Linh kiện,https://tiki.vn/laptop-may-vi-tinh-linh-kien/c1846,Laptop,https://tiki.vn/laptop/c8095,Macbook,https://tiki.vn/macbook-imac/c2458,2458,https://tiki.vn/macbook-imac/c2458
Laptop - Máy Vi Tính - Linh kiện,https://tiki.vn/laptop-may-vi-tinh-linh-kien/c1846,Laptop,https://tiki.vn/laptop/c8095,Laptop Gaming,https://tiki.vn/laptop-gaming/c5584,5584,https://tiki.vn/laptop-gaming/c5584
Laptop - Máy Vi Tính - Linh kiện,https://tiki.vn/laptop-may-vi-tinh-linh-kien/c1846,Laptop,https://tiki.vn/laptop/c8095,Laptop 2 trong 1,https://tiki.vn/laptop-2-trong-1/c29008,29008,https://tiki.vn/laptop-2-trong-1/c29008
Laptop - Máy Vi Tính - Linh kiện,https://tiki.vn/laptop-may-vi-tinh-linh-kien/c1846,Thiết Bị Văn Phòng - Thiết Bị Ngoại Vi,https://tiki.vn/thiet-bi-van-phong-thiet-bi-ngoai-vi/c12884,Màn Hình Máy Tính,https://tiki.vn/man-hinh-may-tinh/c2665,2665,https://tiki.vn/man-hinh-may-tinh/c2665
Laptop - Máy Vi Tính - Linh kiện,https://tiki.vn/laptop-may-vi-tinh-linh-kien/c1846,Thiết Bị Văn Phòng - Thiết Bị Ngoại Vi,https://tiki.vn/thiet-bi-van-phong-thiet-bi-ngoai-vi/c12884,Máy In - Photocopy,https://tiki.vn/may-in-photocopy/c2308,2308,https://tiki.vn/may-in-photocopy/c2308
Laptop - Máy Vi Tính - Linh kiện,https://tiki.vn/laptop-may-vi-tinh-linh-kien/c1846,Thiết Bị Văn Phòng - Thiết Bị Ngoại Vi,https://tiki.vn/thiet-bi-van-phong-thiet-bi-ngoai-vi/c12884,Phần Mềm Máy Tính,https://tiki.vn/phan-mem-may-tinh/c6255,6255,https://tiki.vn/phan-mem-may-tinh/c6255
Laptop - Máy Vi Tính - Linh kiện,https://tiki.vn/laptop-may-vi-tinh-linh-kien/c1846,Thiết Bị Văn Phòng - Thiết Bị Ngoại Vi,https://tiki.vn/thiet-bi-van-phong-thiet-bi-ngoai-vi/c12884,Mực In và Toner,https://tiki.vn/muc-in-va-toner/c4532,4532,https://tiki.vn/muc-in-va-toner/c4532
Laptop - Máy Vi Tính - Linh kiện,https://tiki.vn/laptop-may-vi-tinh-linh-kien/c1846,Thiết Bị Văn Phòng - Thiết Bị Ngoại Vi,https://tiki.vn/thiet-bi-van-phong-thiet-bi-ngoai-vi/c12884,Máy Scan Tài Liệu,https://tiki.vn/may-scan-tai-lieu/c4542,4542,https://tiki.vn/may-scan-tai-lieu/c4542
Laptop - Máy Vi Tính - Linh kiện,https://tiki.vn/laptop-may-vi-tinh-linh-kien/c1846,Thiết Bị Văn Phòng - Thiết Bị Ngoại Vi,https://tiki.vn/thiet-bi-van-phong-thiet-bi-ngoai-vi/c12884,Giấy In,https://tiki.vn/giay-in/c8086,8086,https://tiki.vn/giay-in/c8086
Laptop - Máy Vi Tính - Linh kiện,https://tiki.vn/laptop-may-vi-tinh-linh-kien/c1846,Thiết Bị Văn Phòng - Thiết Bị Ngoại Vi,https://tiki.vn/thiet-bi-van-phong-thiet-bi-ngoai-vi/c12884,Máy Chiếu và Phụ Kiện Máy Chiếu,https://tiki.vn/may-chieu-va-phu-kien-may-chieu/c2664,2664,https://tiki.vn/may-chieu-va-phu-kien-may-chieu/c2664
Laptop - Máy Vi Tính - Linh kiện,https://tiki.vn/laptop-may-vi-tinh-linh-kien/c1846,Thiết Bị Văn Phòng - Thiết Bị Ngoại Vi,https://tiki.vn/thiet-bi-van-phong-thiet-bi-ngoai-vi/c12884,Máy Scan Mã Vạch,https://tiki.vn/may-scan-ma-vach/c30020,30020,https://tiki.vn/may-scan-ma-vach/c30020
Laptop - Máy Vi Tính - Linh kiện,https://tiki.vn/laptop-may-vi-tinh-linh-kien/c1846,Thiết Bị Văn Phòng - Thiết Bị Ngoại Vi,https://tiki.vn/thiet-bi-van-phong-thiet-bi-ngoai-vi/c12884,Máy Hủy Tài Liệu,https://tiki.vn/may-huy-tai-lieu/c10089,10089,https://tiki.vn/may-huy-tai-lieu/c10089
Laptop - Máy Vi Tính - Linh kiện,https://tiki.vn/laptop-may-vi-tinh-linh-kien/c1846,Thiết Bị Văn Phòng - Thiết Bị Ngoại Vi,https://tiki.vn/thiet-bi-van-phong-thiet-bi-ngoai-vi/c12884,Máy Chấm Công,https://tiki.vn/may-cham-cong/c12886,12886,https://tiki.vn/may-cham-cong/c12886
Laptop - Máy Vi Tính - Linh kiện,https://tiki.vn/laptop-may-vi-tinh-linh-kien/c1846,Thiết Bị Văn Phòng - Thiết Bị Ngoại Vi,https://tiki.vn/thiet-bi-van-phong-thiet-bi-ngoai-vi/c12884,Máy Đếm Tiền,https://tiki.vn/may-dem-tien/c29006,29006,https://tiki.vn/may-dem-tien/c29006
Laptop - Máy Vi Tính - Linh kiện,https://tiki.vn/laptop-may-vi-tinh-linh-kien/c1846,Thiết Bị Văn Phòng - Thiết Bị Ngoại Vi,https://tiki.vn/thiet-bi-van-phong-thiet-bi-ngoai-vi/c12884,Thiết Bị Truyền Thông Hội Nghị,https://tiki.vn/thiet-bi-truyen-thong-hoi-nghi/c12890,12890,https://tiki.vn/thiet-bi-truyen-thong-hoi-nghi/c12890
Laptop - Máy Vi Tính - Linh kiện,https://tiki.vn/laptop-may-vi-tinh-linh-kien/c1846,Thiết Bị Lưu Trữ,https://tiki.vn/thiet-bi-luu-tru/c8060,Ổ Cứng Gắn Trong,https://tiki.vn/o-cung-gan-trong/c28844,28844,https://tiki.vn/o-cung-gan-trong/c28844
Laptop - Máy Vi Tính - Linh kiện,https://tiki.vn/laptop-may-vi-tinh-linh-kien/c1846,Thiết Bị Lưu Trữ,https://tiki.vn/thiet-bi-luu-tru/c8060,Ổ Cứng Di Động,https://tiki.vn/o-cung-di-dong/c1827,1827,https://tiki.vn/o-cung-di-dong/c1827
Laptop - Máy Vi Tính - Linh kiện,https://tiki.vn/laptop-may-vi-tinh-linh-kien/c1846,Thiết Bị Lưu Trữ,https://tiki.vn/thiet-bi-luu-tru/c8060,Case Ổ Cứng- Hộp Đựng HDD Box - Dock Ổ Cứng,https://tiki.vn/case-o-cung-hop-dung-hdd-box-dock-o-cung/c5350,5350,https://tiki.vn/case-o-cung-hop-dung-hdd-box-dock-o-cung/c5350
Laptop - Máy Vi Tính - Linh kiện,https://tiki.vn/laptop-may-vi-tinh-linh-kien/c1846,Thiết Bị Lưu Trữ,https://tiki.vn/thiet-bi-luu-tru/c8060,Thiết Bị Lưu Trữ Qua Mạng NAS,https://tiki.vn/thiet-bi-luu-tru-qua-mang-nas/c5349,5349,https://tiki.vn/thiet-bi-luu-tru-qua-mang-nas/c5349
Laptop - Máy Vi Tính - Linh kiện,https://tiki.vn/laptop-may-vi-tinh-linh-kien/c1846,Thiết Bị Lưu Trữ,https://tiki.vn/thiet-bi-luu-tru/c8060,USB,https://tiki.vn/usb-luu-tru/c1828,1828,https://tiki.vn/usb-luu-tru/c1828
Laptop - Máy Vi Tính - Linh kiện,https://tiki.vn/laptop-may-vi-tinh-linh-kien/c1846,Thiết Bị Lưu Trữ,https://tiki.vn/thiet-bi-luu-tru/c8060,Đĩa Trắng - Băng Cuộn,https://tiki.vn/dia-trang-bang-cuon/c28838,28838,https://tiki.vn/dia-trang-bang-cuon/c28838
Laptop - Máy Vi Tính - Linh kiện,https://tiki.vn/laptop-may-vi-tinh-linh-kien/c1846,Thiết Bị Mạng,https://tiki.vn/thiet-bi-mang/c2663,Thiết Bị Phát Sóng Wifi,https://tiki.vn/thiet-bi-phat-song-wifi/c13150,13150,https://tiki.vn/thiet-bi-phat-song-wifi/c13150
Laptop - Máy Vi Tính - Linh kiện,https://tiki.vn/laptop-may-vi-tinh-linh-kien/c1846,Thiết Bị Mạng,https://tiki.vn/thiet-bi-mang/c2663,Bộ Kích Sóng Wifi,https://tiki.vn/bo-kich-song-wifi/c4343,4343,https://tiki.vn/bo-kich-song-wifi/c4343
Laptop - Máy Vi Tính - Linh kiện,https://tiki.vn/laptop-may-vi-tinh-linh-kien/c1846,Thiết Bị Mạng,https://tiki.vn/thiet-bi-mang/c2663,Bộ Phát Wifi Di Động 3G/4G - Mifi,https://tiki.vn/bo-phat-wifi-di-dong-3g4g-mifi/c4345,4345,https://tiki.vn/bo-phat-wifi-di-dong-3g4g-mifi/c4345
Laptop - Máy Vi Tính - Linh kiện,https://tiki.vn/laptop-may-vi-tinh-linh-kien/c1846,Thiết Bị Mạng,https://tiki.vn/thiet-bi-mang/c2663,Bộ Chia Mạng - Switch,https://tiki.vn/bo-chia-mang-switch/c4454,4454,https://tiki.vn/bo-chia-mang-switch/c4454
Laptop - Máy Vi Tính - Linh kiện,https://tiki.vn/laptop-may-vi-tinh-linh-kien/c1846,Thiết Bị Mạng,https://tiki.vn/thiet-bi-mang/c2663,Phụ Kiện Thiết Bị Mạng,https://tiki.vn/phu-kien-thiet-bi-mang/c4642,4642,https://tiki.vn/phu-kien-thiet-bi-mang/c4642
Laptop - Máy Vi Tính - Linh kiện,https://tiki.vn/laptop-may-vi-tinh-linh-kien/c1846,Thiết Bị Mạng,https://tiki.vn/thiet-bi-mang/c2663,Bộ Chuyển Đổi - Transceivers,https://tiki.vn/bo-chuyen-doi-transceivers/c28894,28894,https://tiki.vn/bo-chuyen-doi-transceivers/c28894
Laptop - Máy Vi Tính - Linh kiện,https://tiki.vn/laptop-may-vi-tinh-linh-kien/c1846,Thiết Bị Mạng,https://tiki.vn/thiet-bi-mang/c2663,Mở Rộng Mạng Qua Đường Điện - Powerline Ethernet,https://tiki.vn/mo-rong-mang-qua-duong-dien-powerline-ethernet/c4346,4346,https://tiki.vn/mo-rong-mang-qua-duong-dien-powerline-ethernet/c4346
Laptop - Máy Vi Tính - Linh kiện,https://tiki.vn/laptop-may-vi-tinh-linh-kien/c1846,Thiết Bị Mạng,https://tiki.vn/thiet-bi-mang/c2663,Card Mạng,https://tiki.vn/card-mang/c7361,7361,https://tiki.vn/card-mang/c7361
Laptop - Máy Vi Tính - Linh kiện,https://tiki.vn/laptop-may-vi-tinh-linh-kien/c1846,Thiết Bị Mạng,https://tiki.vn/thiet-bi-mang/c2663,Ăng-Ten Mạng,https://tiki.vn/ang-ten-mang/c28896,28896,https://tiki.vn/ang-ten-mang/c28896
Laptop - Máy Vi Tính - Linh kiện,https://tiki.vn/laptop-may-vi-tinh-linh-kien/c1846,Thiết Bị Mạng,https://tiki.vn/thiet-bi-mang/c2663,Modem ADSL,https://tiki.vn/modem-adsl/c4585,4585,https://tiki.vn/modem-adsl/c4585
Laptop - Máy Vi Tính - Linh kiện,https://tiki.vn/laptop-may-vi-tinh-linh-kien/c1846,PC - Máy Tính Bộ,https://tiki.vn/pc-may-tinh-bo/c8093,Máy Tính All in one,https://tiki.vn/may-tinh-all-in-one/c8094,8094,https://tiki.vn/may-tinh-all-in-one/c8094
Laptop - Máy Vi Tính - Linh kiện,https://tiki.vn/laptop-may-vi-tinh-linh-kien/c1846,PC - Máy Tính Bộ,https://tiki.vn/pc-may-tinh-bo/c8093,Mini PC,https://tiki.vn/mini-pc/c7369,7369,https://tiki.vn/mini-pc/c7369
Laptop - Máy Vi Tính - Linh kiện,https://tiki.vn/laptop-may-vi-tinh-linh-kien/c1846,PC - Máy Tính Bộ,https://tiki.vn/pc-may-tinh-bo/c8093,Máy Tính Để Bàn Lắp Ráp,https://tiki.vn/may-tinh-de-ban-lap-rap/c5172,5172,https://tiki.vn/may-tinh-de-ban-lap-rap/c5172
Laptop - Máy Vi Tính - Linh kiện,https://tiki.vn/laptop-may-vi-tinh-linh-kien/c1846,PC - Máy Tính Bộ,https://tiki.vn/pc-may-tinh-bo/c8093,Towers - Máy Chủ - Server,https://tiki.vn/towers-may-chu-server/c29014,29014,https://tiki.vn/towers-may-chu-server/c29014
Laptop - Máy Vi Tính - Linh kiện,https://tiki.vn/laptop-may-vi-tinh-linh-kien/c1846,PC - Máy Tính Bộ,https://tiki.vn/pc-may-tinh-bo/c8093,Máy Tính Bộ Thương Hiệu,https://tiki.vn/may-tinh-bo-thuong-hieu/c29016,29016,https://tiki.vn/may-tinh-bo-thuong-hieu/c29016
Laptop - Máy Vi Tính - Linh kiện,https://tiki.vn/laptop-may-vi-tinh-linh-kien/c1846,Linh Kiện Máy Tính - Phụ Kiện Máy Tính,https://tiki.vn/linh-kien-may-tinh-phu-kien-may-tinh/c8129,Nguồn Máy Tính,https://tiki.vn/nguon-may-tinh/c28900,28900,https://tiki.vn/nguon-may-tinh/c28900
Laptop - Máy Vi Tính - Linh kiện,https://tiki.vn/laptop-may-vi-tinh-linh-kien/c1846,Linh Kiện Máy Tính - Phụ Kiện Máy Tính,https://tiki.vn/linh-kien-may-tinh-phu-kien-may-tinh/c8129,Bộ Lưu Điện - UPS,https://tiki.vn/bo-luu-dien-ups/c11964,11964,https://tiki.vn/bo-luu-dien-ups/c11964
Laptop - Máy Vi Tính - Linh kiện,https://tiki.vn/laptop-may-vi-tinh-linh-kien/c1846,Linh Kiện Máy Tính - Phụ Kiện Máy Tính,https://tiki.vn/linh-kien-may-tinh-phu-kien-may-tinh/c8129,Mainboard - Board Mạch Chủ,https://tiki.vn/mainboard-board-mach-chu/c11956,11956,https://tiki.vn/mainboard-board-mach-chu/c11956
Laptop - Máy Vi Tính - Linh kiện,https://tiki.vn/laptop-may-vi-tinh-linh-kien/c1846,Linh Kiện Máy Tính - Phụ Kiện Máy Tính,https://tiki.vn/linh-kien-may-tinh-phu-kien-may-tinh/c8129,Bộ Vi Xử Lý CPU,https://tiki.vn/bo-vi-xu-ly-cpu/c11962,11962,https://tiki.vn/bo-vi-xu-ly-cpu/c11962
Laptop - Máy Vi Tính - Linh kiện,https://tiki.vn/laptop-may-vi-tinh-linh-kien/c1846,Linh Kiện Máy Tính - Phụ Kiện Máy Tính,https://tiki.vn/linh-kien-may-tinh-phu-kien-may-tinh/c8129,Vỏ Case - Thùng Máy,https://tiki.vn/vo-case-thung-may/c11960,11960,https://tiki.vn/vo-case-thung-may/c11960
Laptop - Máy Vi Tính - Linh kiện,https://tiki.vn/laptop-may-vi-tinh-linh-kien/c1846,Linh Kiện Máy Tính - Phụ Kiện Máy Tính,https://tiki.vn/linh-kien-may-tinh-phu-kien-may-tinh/c8129,Hệ Thống Tản Nhiệt,https://tiki.vn/he-thong-tan-nhiet/c28902,28902,https://tiki.vn/he-thong-tan-nhiet/c28902
Laptop - Máy Vi Tính - Linh kiện,https://tiki.vn/laptop-may-vi-tinh-linh-kien/c1846,Linh Kiện Máy Tính - Phụ Kiện Máy Tính,https://tiki.vn/linh-kien-may-tinh-phu-kien-may-tinh/c8129,Card Màn Hình - VGA,https://tiki.vn/card-man-hinh-vga/c11958,11958,https://tiki.vn/card-man-hinh-vga/c11958
Laptop - Máy Vi Tính - Linh kiện,https://tiki.vn/laptop-may-vi-tinh-linh-kien/c1846,Linh Kiện Máy Tính - Phụ Kiện Máy Tính,https://tiki.vn/linh-kien-may-tinh-phu-kien-may-tinh/c8129,Sound Card - Card Âm Thanh,https://tiki.vn/sound-card-card-am-thanh/c11966,11966,https://tiki.vn/sound-card-card-am-thanh/c11966
Laptop - Máy Vi Tính - Linh kiện,https://tiki.vn/laptop-may-vi-tinh-linh-kien/c1846,Linh Kiện Máy Tính - Phụ Kiện Máy Tính,https://tiki.vn/linh-kien-may-tinh-phu-kien-may-tinh/c8129,RAM Máy Tính,https://tiki.vn/ram-may-tinh/c2680,2680,https://tiki.vn/ram-may-tinh/c2680
Laptop - Máy Vi Tính - Linh kiện,https://tiki.vn/laptop-may-vi-tinh-linh-kien/c1846,Linh Kiện Máy Tính - Phụ Kiện Máy Tính,https://tiki.vn/linh-kien-may-tinh-phu-kien-may-tinh/c8129,Ổ Đĩa Quang,https://tiki.vn/o-dia-quang/c28908,28908,https://tiki.vn/o-dia-quang/c28908
Laptop - Máy Vi Tính - Linh kiện,https://tiki.vn/laptop-may-vi-tinh-linh-kien/c1846,Linh Kiện Máy Tính - Phụ Kiện Máy Tính,https://tiki.vn/linh-kien-may-tinh-phu-kien-may-tinh/c8129,I/O Port Cards,https://tiki.vn/io-port-cards/c28910,28910,https://tiki.vn/io-port-cards/c28910
Laptop - Máy Vi Tính - Linh kiện,https://tiki.vn/laptop-may-vi-tinh-linh-kien/c1846,Linh Kiện Máy Tính - Phụ Kiện Máy Tính,https://tiki.vn/linh-kien-may-tinh-phu-kien-may-tinh/c8129,KVM Switches - Switch HDMI,https://tiki.vn/kvm-switches-switch-hdmi/c28916,28916,https://tiki.vn/kvm-switches-switch-hdmi/c28916
Laptop - Máy Vi Tính - Linh kiện,https://tiki.vn/laptop-may-vi-tinh-linh-kien/c1846,Linh Kiện Máy Tính - Phụ Kiện Máy Tính,https://tiki.vn/linh-kien-may-tinh-phu-kien-may-tinh/c8129,Linh Kiện Máy Tính Khác,https://tiki.vn/linh-kien-may-tinh-khac/c11968,11968,https://tiki.vn/linh-kien-may-tinh-khac/c11968
Laptop - Máy Vi Tính - Linh kiện,https://tiki.vn/laptop-may-vi-tinh-linh-kien/c1846,Linh Kiện Máy Tính - Phụ Kiện Máy Tính,https://tiki.vn/linh-kien-may-tinh-phu-kien-may-tinh/c8129,Linh Kiện Thay Thế Cho Laptop,https://tiki.vn/linh-kien-thay-the-cho-laptop/c28918,28918,https://tiki.vn/linh-kien-thay-the-cho-laptop/c28918
Giày - Dép nam,https://tiki.vn/giay-dep-nam/c1686,,,,,1686,https://tiki.vn/giay-dep-nam/c1686
Giày - Dép nam,https://tiki.vn/giay-dep-nam/c1686,Giày thể thao nam,https://tiki.vn/giay-the-thao-nam/c27572,,,27572,https://tiki.vn/giay-the-thao-nam/c27572
Giày - Dép nam,https://tiki.vn/giay-dep-nam/c1686,Giày lười nam,https://tiki.vn/giay-luoi-nam/c5340,,,5340,https://tiki.vn/giay-luoi-nam/c5340
Giày - Dép nam,https://tiki.vn/giay-dep-nam/c1686,Giày tây nam,https://tiki.vn/giay-tay-cong-so/c1581,,,1581,https://tiki.vn/giay-tay-cong-so/c1581
Giày - Dép nam,https://tiki.vn/giay-dep-nam/c1686,Giày sandals nam,https://tiki.vn/giay-sandals-nam/c5341,,,5341,https://tiki.vn/giay-sandals-nam/c5341
Giày - Dép nam,https://tiki.vn/giay-dep-nam/c1686,Dép nam,https://tiki.vn/dep-nam/c5342,,,5342,https://tiki.vn/dep-nam/c5342
Giày - Dép nam,https://tiki.vn/giay-dep-nam/c1686,Giày boots nam,https://tiki.vn/giay-boots-nam/c8337,,,8337,https://tiki.vn/giay-boots-nam/c8337
Giày - Dép nam,https://tiki.vn/giay-dep-nam/c1686,Phụ kiện giày nam,https://tiki.vn/phu-kien-giay-nam/c8338,,,8338,https://tiki.vn/phu-kien-giay-nam/c8338
Giày - Dép nam,https://tiki.vn/giay-dep-nam/c1686,Giày thể thao nam,https://tiki.vn/giay-the-thao-nam/c27572,Giày thể thao nam cổ thấp,https://tiki.vn/giay-the-thao-nam-co-thap/c49620,49620,https://tiki.vn/giay-the-thao-nam-co-thap/c49620
Giày - Dép nam,https://tiki.vn/giay-dep-nam/c1686,Giày thể thao nam,https://tiki.vn/giay-the-thao-nam/c27572,Giày thể thao nam cổ cao,https://tiki.vn/giay-the-thao-nam-co-cao/c49622,49622,https://tiki.vn/giay-the-thao-nam-co-cao/c49622
Giày - Dép nam,https://tiki.vn/giay-dep-nam/c1686,Giày lười nam,https://tiki.vn/giay-luoi-nam/c5340,Giày lười vải nam,https://tiki.vn/giay-luoi-vai-nam/c49624,49624,https://tiki.vn/giay-luoi-vai-nam/c49624
Giày - Dép nam,https://tiki.vn/giay-dep-nam/c1686,Giày lười nam,https://tiki.vn/giay-luoi-nam/c5340,Giày lười da nam,https://tiki.vn/giay-luoi-da-nam/c49626,49626,https://tiki.vn/giay-luoi-da-nam/c49626
Giày - Dép nam,https://tiki.vn/giay-dep-nam/c1686,Giày tây nam,https://tiki.vn/giay-tay-cong-so/c1581,Giày tây nam có dây,https://tiki.vn/giay-tay-nam-co-day/c49630,49630,https://tiki.vn/giay-tay-nam-co-day/c49630
Giày - Dép nam,https://tiki.vn/giay-dep-nam/c1686,Giày tây nam,https://tiki.vn/giay-tay-cong-so/c1581,Giày tây nam không dây,https://tiki.vn/giay-tay-nam-khong-day/c49632,49632,https://tiki.vn/giay-tay-nam-khong-day/c49632
Giày - Dép nam,https://tiki.vn/giay-dep-nam/c1686,Giày sandals nam,https://tiki.vn/giay-sandals-nam/c5341,Giày sandals nam quai ngang,https://tiki.vn/giay-sandals-nam-quai-ngang/c49634,49634,https://tiki.vn/giay-sandals-nam-quai-ngang/c49634
Giày - Dép nam,https://tiki.vn/giay-dep-nam/c1686,Giày sandals nam,https://tiki.vn/giay-sandals-nam/c5341,Giày sandals nam quai chéo,https://tiki.vn/giay-sandals-nam-quai-cheo/c49636,49636,https://tiki.vn/giay-sandals-nam-quai-cheo/c49636
Giày - Dép nam,https://tiki.vn/giay-dep-nam/c1686,Dép nam,https://tiki.vn/dep-nam/c5342,Dép nam xỏ ngón,https://tiki.vn/dep-nam-xo-ngon/c10383,10383,https://tiki.vn/dep-nam-xo-ngon/c10383
Giày - Dép nam,https://tiki.vn/giay-dep-nam/c1686,Dép nam,https://tiki.vn/dep-nam/c5342,Dép nam quai ngang,https://tiki.vn/dep-nam-quai-ngang/c10384,10384,https://tiki.vn/dep-nam-quai-ngang/c10384
Giày - Dép nam,https://tiki.vn/giay-dep-nam/c1686,Dép nam,https://tiki.vn/dep-nam/c5342,Dép nam đi trong nhà,https://tiki.vn/dep-nam-di-trong-nha/c49638,49638,https://tiki.vn/dep-nam-di-trong-nha/c49638
Giày - Dép nam,https://tiki.vn/giay-dep-nam/c1686,Giày boots nam,https://tiki.vn/giay-boots-nam/c8337,Giày boots nam cổ cao,https://tiki.vn/giay-boots-nam-co-cao/c49640,49640,https://tiki.vn/giay-boots-nam-co-cao/c49640
Giày - Dép nam,https://tiki.vn/giay-dep-nam/c1686,Giày boots nam,https://tiki.vn/giay-boots-nam/c8337,Giày boots nam cổ thấp,https://tiki.vn/giay-boots-nam-co-thap/c49642,49642,https://tiki.vn/giay-boots-nam-co-thap/c49642
Giày - Dép nam,https://tiki.vn/giay-dep-nam/c1686,Phụ kiện giày nam,https://tiki.vn/phu-kien-giay-nam/c8338,Dụng cụ chăm sóc & làm sạch giày,https://tiki.vn/dung-cu-cham-soc-lam-sach-giay/c49644,49644,https://tiki.vn/dung-cu-cham-soc-lam-sach-giay/c49644
Giày - Dép nam,https://tiki.vn/giay-dep-nam/c1686,Phụ kiện giày nam,https://tiki.vn/phu-kien-giay-nam/c8338,Miếng lót giày nam,https://tiki.vn/mieng-lot-giay-nam/c49646,49646,https://tiki.vn/mieng-lot-giay-nam/c49646
Giày - Dép nam,https://tiki.vn/giay-dep-nam/c1686,Phụ kiện giày nam,https://tiki.vn/phu-kien-giay-nam/c8338,Phụ kiện giày nam khác,https://tiki.vn/phu-kien-giay-nam-khac/c49648,49648,https://tiki.vn/phu-kien-giay-nam-khac/c49648
Giày - Dép nam,https://tiki.vn/giay-dep-nam/c1686,Phụ kiện giày nam,https://tiki.vn/phu-kien-giay-nam/c8338,Dây giày,https://tiki.vn/day-giay/c68160,68160,https://tiki.vn/day-giay/c68160
Giày - Dép nam,https://tiki.vn/giay-dep-nam/c1686,Phụ kiện giày nam,https://tiki.vn/phu-kien-giay-nam/c8338,Khử mùi giày,https://tiki.vn/khu-mui-giay/c68161,68161,https://tiki.vn/khu-mui-giay/c68161
Giày - Dép nam,https://tiki.vn/giay-dep-nam/c1686,Phụ kiện giày nam,https://tiki.vn/phu-kien-giay-nam/c8338,Túi đựng giày,https://tiki.vn/tui-dung-giay/c68162,68162,https://tiki.vn/tui-dung-giay/c68162
Điện Tử - Điện Lạnh,https://tiki.vn/dien-tu-dien-lanh/c4221,,,,,4221,https://tiki.vn/dien-tu-dien-lanh/c4221
Điện Tử - Điện Lạnh,https://tiki.vn/dien-tu-dien-lanh/c4221,Tivi,https://tiki.vn/tivi/c5015,,,5015,https://tiki.vn/tivi/c5015
Điện Tử - Điện Lạnh,https://tiki.vn/dien-tu-dien-lanh/c4221,Máy giặt,https://tiki.vn/may-giat/c3862,,,3862,https://tiki.vn/may-giat/c3862
Điện Tử - Điện Lạnh,https://tiki.vn/dien-tu-dien-lanh/c4221,Âm thanh & Phụ kiện Tivi,https://tiki.vn/am-thanh-phu-kien-tivi/c26568,,,26568,https://tiki.vn/am-thanh-phu-kien-tivi/c26568
Điện Tử - Điện Lạnh,https://tiki.vn/dien-tu-dien-lanh/c4221,Máy sấy quần áo,https://tiki.vn/may-say-quan-ao/c3863,,,3863,https://tiki.vn/may-say-quan-ao/c3863
Điện Tử - Điện Lạnh,https://tiki.vn/dien-tu-dien-lanh/c4221,Máy rửa chén,https://tiki.vn/may-rua-chen/c3864,,,3864,https://tiki.vn/may-rua-chen/c3864
Điện Tử - Điện Lạnh,https://tiki.vn/dien-tu-dien-lanh/c4221,Máy lạnh - Máy điều hòa,https://tiki.vn/may-lanh-may-dieu-hoa/c3865,,,3865,https://tiki.vn/may-lanh-may-dieu-hoa/c3865
Điện Tử - Điện Lạnh,https://tiki.vn/dien-tu-dien-lanh/c4221,Máy nước nóng,https://tiki.vn/may-nuoc-nong/c3866,,,3866,https://tiki.vn/may-nuoc-nong/c3866
Điện Tử - Điện Lạnh,https://tiki.vn/dien-tu-dien-lanh/c4221,Tủ lạnh,https://tiki.vn/tu-lanh/c2328,,,2328,https://tiki.vn/tu-lanh/c2328
Điện Tử - Điện Lạnh,https://tiki.vn/dien-tu-dien-lanh/c4221,Tủ đông - Tủ mát,https://tiki.vn/tu-dong-tu-mat/c3868,,,3868,https://tiki.vn/tu-dong-tu-mat/c3868
Điện Tử - Điện Lạnh,https://tiki.vn/dien-tu-dien-lanh/c4221,Tủ ướp rượu,https://tiki.vn/tu-uop-ruou/c3869,,,3869,https://tiki.vn/tu-uop-ruou/c3869
Điện Tử - Điện Lạnh,https://tiki.vn/dien-tu-dien-lanh/c4221,Phụ kiện điện lạnh,https://tiki.vn/phu-kien-dien-lanh/c8074,,,8074,https://tiki.vn/phu-kien-dien-lanh/c8074
Điện Tử - Điện Lạnh,https://tiki.vn/dien-tu-dien-lanh/c4221,Tivi,https://tiki.vn/tivi/c5015,Tivi cao cấp,https://tiki.vn/tivi-cao-cap/c12900,12900,https://tiki.vn/tivi-cao-cap/c12900
Điện Tử - Điện Lạnh,https://tiki.vn/dien-tu-dien-lanh/c4221,Tivi,https://tiki.vn/tivi/c5015,Smart Tivi - Android Tivi,https://tiki.vn/smart-tivi-android-tivi/c4239,4239,https://tiki.vn/smart-tivi-android-tivi/c4239
Điện Tử - Điện Lạnh,https://tiki.vn/dien-tu-dien-lanh/c4221,Tivi,https://tiki.vn/tivi/c5015,Internet Tivi,https://tiki.vn/internet-tivi/c11524,11524,https://tiki.vn/internet-tivi/c11524
Điện Tử - Điện Lạnh,https://tiki.vn/dien-tu-dien-lanh/c4221,Tivi,https://tiki.vn/tivi/c5015,Tivi 4K,https://tiki.vn/tivi-4k/c6280,6280,https://tiki.vn/tivi-4k/c6280
Điện Tử - Điện Lạnh,https://tiki.vn/dien-tu-dien-lanh/c4221,Tivi,https://tiki.vn/tivi/c5015,Tivi thường (LED),https://tiki.vn/tivi-thuong-led/c4236,4236,https://tiki.vn/tivi-thuong-led/c4236
Điện Tử - Điện Lạnh,https://tiki.vn/dien-tu-dien-lanh/c4221,Tivi,https://tiki.vn/tivi/c5015,Tivi QLED,https://tiki.vn/tivi-qled/c8950,8950,https://tiki.vn/tivi-qled/c8950
Điện Tử - Điện Lạnh,https://tiki.vn/dien-tu-dien-lanh/c4221,Tivi,https://tiki.vn/tivi/c5015,Tivi OLED,https://tiki.vn/tivi-oled/c7603,7603,https://tiki.vn/tivi-oled/c7603
Điện Tử - Điện Lạnh,https://tiki.vn/dien-tu-dien-lanh/c4221,Máy giặt,https://tiki.vn/may-giat/c3862,Tháp giặt sấy,https://tiki.vn/thap-giat-say/c67238,67238,https://tiki.vn/thap-giat-say/c67238
Điện Tử - Điện Lạnh,https://tiki.vn/dien-tu-dien-lanh/c4221,Máy giặt,https://tiki.vn/may-giat/c3862,Máy giặt mini,https://tiki.vn/may-giat-mini/c67239,67239,https://tiki.vn/may-giat-mini/c67239
Điện Tử - Điện Lạnh,https://tiki.vn/dien-tu-dien-lanh/c4221,Máy giặt,https://tiki.vn/may-giat/c3862,Máy giặt cửa trên,https://tiki.vn/may-giat-cua-tren/c67240,67240,https://tiki.vn/may-giat-cua-tren/c67240
Điện Tử - Điện Lạnh,https://tiki.vn/dien-tu-dien-lanh/c4221,Máy giặt,https://tiki.vn/may-giat/c3862,Máy giặt cửa ngang,https://tiki.vn/may-giat-cua-ngang/c67241,67241,https://tiki.vn/may-giat-cua-ngang/c67241
Điện Tử - Điện Lạnh,https://tiki.vn/dien-tu-dien-lanh/c4221,Âm thanh & Phụ kiện Tivi,https://tiki.vn/am-thanh-phu-kien-tivi/c26568,"Android TV Box, Smart Box",https://tiki.vn/android-tv-box-smart-box/c7074,7074,https://tiki.vn/android-tv-box-smart-box/c7074
Điện Tử - Điện Lạnh,https://tiki.vn/dien-tu-dien-lanh/c4221,Âm thanh & Phụ kiện Tivi,https://tiki.vn/am-thanh-phu-kien-tivi/c26568,Phụ kiện Tivi,https://tiki.vn/phu-kien-tivi/c7082,7082,https://tiki.vn/phu-kien-tivi/c7082
Điện Tử - Điện Lạnh,https://tiki.vn/dien-tu-dien-lanh/c4221,Máy sấy quần áo,https://tiki.vn/may-say-quan-ao/c3863,Tủ sấy quần áo,https://tiki.vn/tu-say-quan-ao/c67209,67209,https://tiki.vn/tu-say-quan-ao/c67209
Điện Tử - Điện Lạnh,https://tiki.vn/dien-tu-dien-lanh/c4221,Máy sấy quần áo,https://tiki.vn/may-say-quan-ao/c3863,Máy sấy thông hơi,https://tiki.vn/may-say-thong-hoi/c67210,67210,https://tiki.vn/may-say-thong-hoi/c67210
Điện Tử - Điện Lạnh,https://tiki.vn/dien-tu-dien-lanh/c4221,Máy sấy quần áo,https://tiki.vn/may-say-quan-ao/c3863,Máy sấy ngưng tụ,https://tiki.vn/may-say-ngung-tu/c67212,67212,https://tiki.vn/may-say-ngung-tu/c67212
Điện Tử - Điện Lạnh,https://tiki.vn/dien-tu-dien-lanh/c4221,Máy sấy quần áo,https://tiki.vn/may-say-quan-ao/c3863,Máy sấy bơm nhiệt,https://tiki.vn/may-say-bom-nhiet/c67215,67215,https://tiki.vn/may-say-bom-nhiet/c67215
Điện Tử - Điện Lạnh,https://tiki.vn/dien-tu-dien-lanh/c4221,Máy rửa chén,https://tiki.vn/may-rua-chen/c3864,Máy rửa chén độc lập,https://tiki.vn/may-rua-chen-doc-lap/c67219,67219,https://tiki.vn/may-rua-chen-doc-lap/c67219
Điện Tử - Điện Lạnh,https://tiki.vn/dien-tu-dien-lanh/c4221,Máy rửa chén,https://tiki.vn/may-rua-chen/c3864,Máy rửa chén để bàn,https://tiki.vn/may-rua-chen-de-ban/c67220,67220,https://tiki.vn/may-rua-chen-de-ban/c67220
Điện Tử - Điện Lạnh,https://tiki.vn/dien-tu-dien-lanh/c4221,Máy rửa chén,https://tiki.vn/may-rua-chen/c3864,Máy rửa chén bán âm,https://tiki.vn/may-rua-chen-ban-am/c67223,67223,https://tiki.vn/may-rua-chen-ban-am/c67223
Điện Tử - Điện Lạnh,https://tiki.vn/dien-tu-dien-lanh/c4221,Máy rửa chén,https://tiki.vn/may-rua-chen/c3864,Máy rửa chén âm tủ,https://tiki.vn/may-rua-chen-am-tu/c67224,67224,https://tiki.vn/may-rua-chen-am-tu/c67224
Điện Tử - Điện Lạnh,https://tiki.vn/dien-tu-dien-lanh/c4221,Máy lạnh - Máy điều hòa,https://tiki.vn/may-lanh-may-dieu-hoa/c3865,Máy lạnh tủ đứng,https://tiki.vn/may-lanh-tu-dung/c67235,67235,https://tiki.vn/may-lanh-tu-dung/c67235
Điện Tử - Điện Lạnh,https://tiki.vn/dien-tu-dien-lanh/c4221,Máy lạnh - Máy điều hòa,https://tiki.vn/may-lanh-may-dieu-hoa/c3865,Máy lạnh treo tường,https://tiki.vn/may-lanh-treo-tuong/c67236,67236,https://tiki.vn/may-lanh-treo-tuong/c67236
Điện Tử - Điện Lạnh,https://tiki.vn/dien-tu-dien-lanh/c4221,Máy lạnh - Máy điều hòa,https://tiki.vn/may-lanh-may-dieu-hoa/c3865,Máy lạnh âm trần,https://tiki.vn/may-lanh-am-tran/c67237,67237,https://tiki.vn/may-lanh-am-tran/c67237
Điện Tử - Điện Lạnh,https://tiki.vn/dien-tu-dien-lanh/c4221,Máy nước nóng,https://tiki.vn/may-nuoc-nong/c3866,Máy nước nóng trực tiếp,https://tiki.vn/may-nuoc-nong-truc-tiep/c67227,67227,https://tiki.vn/may-nuoc-nong-truc-tiep/c67227
Điện Tử - Điện Lạnh,https://tiki.vn/dien-tu-dien-lanh/c4221,Máy nước nóng,https://tiki.vn/may-nuoc-nong/c3866,Máy nước nóng năng lượng mặt trời,https://tiki.vn/may-nuoc-nong-nang-luong-mat-troi/c67228,67228,https://tiki.vn/may-nuoc-nong-nang-luong-mat-troi/c67228
Điện Tử - Điện Lạnh,https://tiki.vn/dien-tu-dien-lanh/c4221,Máy nước nóng,https://tiki.vn/may-nuoc-nong/c3866,Máy nước nóng gián tiếp,https://tiki.vn/may-nuoc-nong-gian-tiep/c67229,67229,https://tiki.vn/may-nuoc-nong-gian-tiep/c67229
Điện Tử - Điện Lạnh,https://tiki.vn/dien-tu-dien-lanh/c4221,Tủ lạnh,https://tiki.vn/tu-lanh/c2328,Tủ lạnh side by side,https://tiki.vn/tu-lanh-side-by-side/c67189,67189,https://tiki.vn/tu-lanh-side-by-side/c67189
Điện Tử - Điện Lạnh,https://tiki.vn/dien-tu-dien-lanh/c4221,Tủ lạnh,https://tiki.vn/tu-lanh/c2328,Tủ lạnh nhiều cửa,https://tiki.vn/tu-lanh-nhieu-cua/c67190,67190,https://tiki.vn/tu-lanh-nhieu-cua/c67190
Điện Tử - Điện Lạnh,https://tiki.vn/dien-tu-dien-lanh/c4221,Tủ lạnh,https://tiki.vn/tu-lanh/c2328,Tủ lạnh mini,https://tiki.vn/tu-lanh-mini/c67194,67194,https://tiki.vn/tu-lanh-mini/c67194
Điện Tử - Điện Lạnh,https://tiki.vn/dien-tu-dien-lanh/c4221,Tủ đông - Tủ mát,https://tiki.vn/tu-dong-tu-mat/c3868,Tủ mát,https://tiki.vn/tu-mat/c67198,67198,https://tiki.vn/tu-mat/c67198
Điện Tử - Điện Lạnh,https://tiki.vn/dien-tu-dien-lanh/c4221,Tủ đông - Tủ mát,https://tiki.vn/tu-dong-tu-mat/c3868,Tủ đông- tủ mát,https://tiki.vn/tu-dong-tu-mat/c67199,67199,https://tiki.vn/tu-dong-tu-mat/c67199
Điện Tử - Điện Lạnh,https://tiki.vn/dien-tu-dien-lanh/c4221,Phụ kiện điện lạnh,https://tiki.vn/phu-kien-dien-lanh/c8074,"Phụ kiện, linh kiện tủ lạnh",https://tiki.vn/phu-kien-linh-kien-tu-lanh/c28884,28884,https://tiki.vn/phu-kien-linh-kien-tu-lanh/c28884
Điện Tử - Điện Lạnh,https://tiki.vn/dien-tu-dien-lanh/c4221,Phụ kiện điện lạnh,https://tiki.vn/phu-kien-dien-lanh/c8074,"Phụ kiện, linh kiện máy lạnh",https://tiki.vn/phu-kien-linh-kien-may-lanh/c28886,28886,https://tiki.vn/phu-kien-linh-kien-may-lanh/c28886
Điện Tử - Điện Lạnh,https://tiki.vn/dien-tu-dien-lanh/c4221,Phụ kiện điện lạnh,https://tiki.vn/phu-kien-dien-lanh/c8074,"Phụ kiện, linh kiện máy nước nóng",https://tiki.vn/phu-kien-linh-kien-may-nuoc-nong/c28888,28888,https://tiki.vn/phu-kien-linh-kien-may-nuoc-nong/c28888
Điện Tử - Điện Lạnh,https://tiki.vn/dien-tu-dien-lanh/c4221,Phụ kiện điện lạnh,https://tiki.vn/phu-kien-dien-lanh/c8074,"Phụ kiện, linh kiện máy giặt",https://tiki.vn/phu-kien-linh-kien-may-giat/c28890,28890,https://tiki.vn/phu-kien-linh-kien-may-giat/c28890
Điện Tử - Điện Lạnh,https://tiki.vn/dien-tu-dien-lanh/c4221,Phụ kiện điện lạnh,https://tiki.vn/phu-kien-dien-lanh/c8074,"Phụ kiện, linh kiện điện lạnh khác",https://tiki.vn/phu-kien-linh-kien-dien-lanh-khac/c28892,28892,https://tiki.vn/phu-kien-linh-kien-dien-lanh-khac/c28892
Giày - Dép nữ,https://tiki.vn/giay-dep-nu/c1703,,,,,1703,https://tiki.vn/giay-dep-nu/c1703
Giày - Dép nữ,https://tiki.vn/giay-dep-nu/c1703,Giày cao gót,https://tiki.vn/giay-cao-got/c8355,,,8355,https://tiki.vn/giay-cao-got/c8355
Giày - Dép nữ,https://tiki.vn/giay-dep-nu/c1703,Giày thể thao nữ,https://tiki.vn/giay-the-thao-nu/c27604,,,27604,https://tiki.vn/giay-the-thao-nu/c27604
Giày - Dép nữ,https://tiki.vn/giay-dep-nu/c1703,Giày sandals nữ,https://tiki.vn/giay-sandals-nu/c4550,,,4550,https://tiki.vn/giay-sandals-nu/c4550
Giày - Dép nữ,https://tiki.vn/giay-dep-nu/c1703,Giày búp bê,https://tiki.vn/giay-bup-be/c1192,,,1192,https://tiki.vn/giay-bup-be/c1192
Giày - Dép nữ,https://tiki.vn/giay-dep-nu/c1703,Giày Đế xuồng nữ,https://tiki.vn/giay-de-xuong-nu/c1008,,,1008,https://tiki.vn/giay-de-xuong-nu/c1008
Giày - Dép nữ,https://tiki.vn/giay-dep-nu/c1703,Giày boots nữ,https://tiki.vn/giay-boots-nu/c981,,,981,https://tiki.vn/giay-boots-nu/c981
Giày - Dép nữ,https://tiki.vn/giay-dep-nu/c1703,Dép - Guốc nữ,https://tiki.vn/dep-guoc-nu/c984,,,984,https://tiki.vn/dep-guoc-nu/c984
Giày - Dép nữ,https://tiki.vn/giay-dep-nu/c1703,Giày lười nữ,https://tiki.vn/giay-luoi-nu/c4551,,,4551,https://tiki.vn/giay-luoi-nu/c4551
Giày - Dép nữ,https://tiki.vn/giay-dep-nu/c1703,Phụ kiện giày nữ,https://tiki.vn/phu-kien-giay-nu/c8357,,,8357,https://tiki.vn/phu-kien-giay-nu/c8357
Giày - Dép nữ,https://tiki.vn/giay-dep-nu/c1703,Giày cao gót,https://tiki.vn/giay-cao-got/c8355,Giày cao gót nhọn,https://tiki.vn/giay-cao-got-nhon/c49542,49542,https://tiki.vn/giay-cao-got-nhon/c49542
Giày - Dép nữ,https://tiki.vn/giay-dep-nu/c1703,Giày cao gót,https://tiki.vn/giay-cao-got/c8355,Giày cao gót quai sau,https://tiki.vn/giay-cao-got-quai-sau/c49544,49544,https://tiki.vn/giay-cao-got-quai-sau/c49544
Giày - Dép nữ,https://tiki.vn/giay-dep-nu/c1703,Giày cao gót,https://tiki.vn/giay-cao-got/c8355,Giày bít mũi quai ngang,https://tiki.vn/giay-bit-mui-quai-ngang/c49546,49546,https://tiki.vn/giay-bit-mui-quai-ngang/c49546
Giày - Dép nữ,https://tiki.vn/giay-dep-nu/c1703,Giày cao gót,https://tiki.vn/giay-cao-got/c8355,Giày cao gót hở mũi,https://tiki.vn/giay-cao-got-ho-mui/c49548,49548,https://tiki.vn/giay-cao-got-ho-mui/c49548
Giày - Dép nữ,https://tiki.vn/giay-dep-nu/c1703,Giày cao gót,https://tiki.vn/giay-cao-got/c8355,Giày cao gót sục,https://tiki.vn/giay-cao-got-suc/c49550,49550,https://tiki.vn/giay-cao-got-suc/c49550
Giày - Dép nữ,https://tiki.vn/giay-dep-nu/c1703,Giày thể thao nữ,https://tiki.vn/giay-the-thao-nu/c27604,Giày thể thao cổ thấp,https://tiki.vn/giay-the-thao-co-thap/c49552,49552,https://tiki.vn/giay-the-thao-co-thap/c49552
Giày - Dép nữ,https://tiki.vn/giay-dep-nu/c1703,Giày thể thao nữ,https://tiki.vn/giay-the-thao-nu/c27604,Giày thể thao cổ cao,https://tiki.vn/giay-the-thao-co-cao/c49554,49554,https://tiki.vn/giay-the-thao-co-cao/c49554
Giày - Dép nữ,https://tiki.vn/giay-dep-nu/c1703,Giày sandals nữ,https://tiki.vn/giay-sandals-nu/c4550,Giày sandals đế bằng,https://tiki.vn/giay-sandals-de-bang/c49556,49556,https://tiki.vn/giay-sandals-de-bang/c49556
Giày - Dép nữ,https://tiki.vn/giay-dep-nu/c1703,Giày sandals nữ,https://tiki.vn/giay-sandals-nu/c4550,Giày sandals chiến binh,https://tiki.vn/giay-sandals-chien-binh/c49558,49558,https://tiki.vn/giay-sandals-chien-binh/c49558
Giày - Dép nữ,https://tiki.vn/giay-dep-nu/c1703,Giày sandals nữ,https://tiki.vn/giay-sandals-nu/c4550,Giày sandals buộc dây,https://tiki.vn/giay-sandals-buoc-day/c49560,49560,https://tiki.vn/giay-sandals-buoc-day/c49560
Giày - Dép nữ,https://tiki.vn/giay-dep-nu/c1703,Giày sandals nữ,https://tiki.vn/giay-sandals-nu/c4550,Giày sandals xỏ ngón,https://tiki.vn/giay-sandals-xo-ngon/c49562,49562,https://tiki.vn/giay-sandals-xo-ngon/c49562
Giày - Dép nữ,https://tiki.vn/giay-dep-nu/c1703,Giày búp bê,https://tiki.vn/giay-bup-be/c1192,Giày búp bê mũi nhọn,https://tiki.vn/giay-bup-be-mui-nhon/c49564,49564,https://tiki.vn/giay-bup-be-mui-nhon/c49564
Giày - Dép nữ,https://tiki.vn/giay-dep-nu/c1703,Giày búp bê,https://tiki.vn/giay-bup-be/c1192,Giày búp bê mũi tròn,https://tiki.vn/giay-bup-be-mui-tron/c49566,49566,https://tiki.vn/giay-bup-be-mui-tron/c49566
Giày - Dép nữ,https://tiki.vn/giay-dep-nu/c1703,Giày búp bê,https://tiki.vn/giay-bup-be/c1192,Giày búp bê mũi vuông,https://tiki.vn/giay-bup-be-mui-vuong/c49568,49568,https://tiki.vn/giay-bup-be-mui-vuong/c49568
Giày - Dép nữ,https://tiki.vn/giay-dep-nu/c1703,Giày boots nữ,https://tiki.vn/giay-boots-nu/c981,Giày boots nữ cổ ngắn,https://tiki.vn/giay-boots-nu-co-ngan/c49570,49570,https://tiki.vn/giay-boots-nu-co-ngan/c49570
Giày - Dép nữ,https://tiki.vn/giay-dep-nu/c1703,Giày boots nữ,https://tiki.vn/giay-boots-nu/c981,Giày boots nữ cổ cao,https://tiki.vn/giay-boots-nu-co-cao/c49572,49572,https://tiki.vn/giay-boots-nu-co-cao/c49572
Giày - Dép nữ,https://tiki.vn/giay-dep-nu/c1703,Giày boots nữ,https://tiki.vn/giay-boots-nu/c981,Giày boots nữ gót nhọn,https://tiki.vn/giay-boots-nu-got-nhon/c49574,49574,https://tiki.vn/giay-boots-nu-got-nhon/c49574
Giày - Dép nữ,https://tiki.vn/giay-dep-nu/c1703,Dép - Guốc nữ,https://tiki.vn/dep-guoc-nu/c984,Dép xỏ ngón,https://tiki.vn/dep-xo-ngon/c49576,49576,https://tiki.vn/dep-xo-ngon/c49576
Giày - Dép nữ,https://tiki.vn/giay-dep-nu/c1703,Dép - Guốc nữ,https://tiki.vn/dep-guoc-nu/c984,Dép quai ngang,https://tiki.vn/dep-quai-ngang/c49578,49578,https://tiki.vn/dep-quai-ngang/c49578
Giày - Dép nữ,https://tiki.vn/giay-dep-nu/c1703,Dép - Guốc nữ,https://tiki.vn/dep-guoc-nu/c984,Dép đi trong nhà,https://tiki.vn/dep-di-trong-nha/c49580,49580,https://tiki.vn/dep-di-trong-nha/c49580
Giày - Dép nữ,https://tiki.vn/giay-dep-nu/c1703,Giày lười nữ,https://tiki.vn/giay-luoi-nu/c4551,Giày lười cao gót,https://tiki.vn/giay-luoi-cao-got/c49582,49582,https://tiki.vn/giay-luoi-cao-got/c49582
Giày - Dép nữ,https://tiki.vn/giay-dep-nu/c1703,Giày lười nữ,https://tiki.vn/giay-luoi-nu/c4551,Giày lười hở gót,https://tiki.vn/giay-luoi-ho-got/c49584,49584,https://tiki.vn/giay-luoi-ho-got/c49584
Giày - Dép nữ,https://tiki.vn/giay-dep-nu/c1703,Giày lười nữ,https://tiki.vn/giay-luoi-nu/c4551,Giày lười mũi vuông,https://tiki.vn/giay-luoi-mui-vuong/c49586,49586,https://tiki.vn/giay-luoi-mui-vuong/c49586
Giày - Dép nữ,https://tiki.vn/giay-dep-nu/c1703,Giày lười nữ,https://tiki.vn/giay-luoi-nu/c4551,Giày lười mũi nhọn,https://tiki.vn/giay-luoi-mui-nhon/c49588,49588,https://tiki.vn/giay-luoi-mui-nhon/c49588
Giày - Dép nữ,https://tiki.vn/giay-dep-nu/c1703,Phụ kiện giày nữ,https://tiki.vn/phu-kien-giay-nu/c8357,Miếng lót giày,https://tiki.vn/mieng-lot-giay/c49590,49590,https://tiki.vn/mieng-lot-giay/c49590
Giày - Dép nữ,https://tiki.vn/giay-dep-nu/c1703,Phụ kiện giày nữ,https://tiki.vn/phu-kien-giay-nu/c8357,Dụng cụ chăm sóc & làm sạch giày,https://tiki.vn/dung-cu-cham-soc-lam-sach-giay/c49592,49592,https://tiki.vn/dung-cu-cham-soc-lam-sach-giay/c49592
Giày - Dép nữ,https://tiki.vn/giay-dep-nu/c1703,Phụ kiện giày nữ,https://tiki.vn/phu-kien-giay-nu/c8357,Phụ kiện giày nữ khác,https://tiki.vn/phu-kien-giay-nu-khac/c49594,49594,https://tiki.vn/phu-kien-giay-nu-khac/c49594
Giày - Dép nữ,https://tiki.vn/giay-dep-nu/c1703,Phụ kiện giày nữ,https://tiki.vn/phu-kien-giay-nu/c8357,Dây giày,https://tiki.vn/day-giay/c68163,68163,https://tiki.vn/day-giay/c68163
Giày - Dép nữ,https://tiki.vn/giay-dep-nu/c1703,Phụ kiện giày nữ,https://tiki.vn/phu-kien-giay-nu/c8357,Khử mùi giày,https://tiki.vn/khu-mui-giay/c68164,68164,https://tiki.vn/khu-mui-giay/c68164
Giày - Dép nữ,https://tiki.vn/giay-dep-nu/c1703,Phụ kiện giày nữ,https://tiki.vn/phu-kien-giay-nu/c8357,Túi đựng giày,https://tiki.vn/tui-dung-giay/c68165,68165,https://tiki.vn/tui-dung-giay/c68165
Máy Ảnh - Máy Quay Phim,https://tiki.vn/may-anh/c1801,,,,,1801,https://tiki.vn/may-anh/c1801
Máy Ảnh - Máy Quay Phim,https://tiki.vn/may-anh/c1801,Máy Ảnh,https://tiki.vn/may-anh/c28806,,,28806,https://tiki.vn/may-anh/c28806
Máy Ảnh - Máy Quay Phim,https://tiki.vn/may-anh/c1801,"Phụ Kiện Máy Ảnh, Máy Quay",https://tiki.vn/phu-kien-may-anh-may-quay/c1818,,,1818,https://tiki.vn/phu-kien-may-anh-may-quay/c1818
Máy Ảnh - Máy Quay Phim,https://tiki.vn/may-anh/c1801,Balo - Túi Đựng - Bao Da,https://tiki.vn/balo-tui-dung-bao-da/c1840,,,1840,https://tiki.vn/balo-tui-dung-bao-da/c1840
Máy Ảnh - Máy Quay Phim,https://tiki.vn/may-anh/c1801,Ống Kính - Ống Ngắm,https://tiki.vn/ong-kinh-ong-ngam/c28794,,,28794,https://tiki.vn/ong-kinh-ong-ngam/c28794
Máy Ảnh - Máy Quay Phim,https://tiki.vn/may-anh/c1801,Ống Kính (Lens),https://tiki.vn/ong-kinh-lens/c2757,,,2757,https://tiki.vn/ong-kinh-lens/c2757
Máy Ảnh - Máy Quay Phim,https://tiki.vn/may-anh/c1801,Thiết Bị Ánh Sáng,https://tiki.vn/thiet-bi-anh-sang/c28814,,,28814,https://tiki.vn/thiet-bi-anh-sang/c28814
Máy Ảnh - Máy Quay Phim,https://tiki.vn/may-anh/c1801,Thiết Bị Quay Phim,https://tiki.vn/thiet-bi-quay-phim/c28822,,,28822,https://tiki.vn/thiet-bi-quay-phim/c28822
Máy Ảnh - Máy Quay Phim,https://tiki.vn/may-anh/c1801,Camera Giám Sát,https://tiki.vn/camera-giam-sat/c4077,,,4077,https://tiki.vn/camera-giam-sat/c4077
Máy Ảnh - Máy Quay Phim,https://tiki.vn/may-anh/c1801,Máy Bay Camera và Phụ Kiện,https://tiki.vn/may-bay-camera-va-phu-kien/c8047,,,8047,https://tiki.vn/may-bay-camera-va-phu-kien/c8047
Máy Ảnh - Máy Quay Phim,https://tiki.vn/may-anh/c1801,Camera Hành Trình - Action Camera và Phụ Kiện,https://tiki.vn/camera-hanh-trinh-action-camera-va-phu-kien/c28834,,,28834,https://tiki.vn/camera-hanh-trinh-action-camera-va-phu-kien/c28834
Máy Ảnh - Máy Quay Phim,https://tiki.vn/may-anh/c1801,Máy Ảnh,https://tiki.vn/may-anh/c28806,Máy Ảnh Compact - Máy Ảnh Du Lịch,https://tiki.vn/may-anh-compact-may-anh-du-lich/c1808,1808,https://tiki.vn/may-anh-compact-may-anh-du-lich/c1808
Máy Ảnh - Máy Quay Phim,https://tiki.vn/may-anh/c1801,"Phụ Kiện Máy Ảnh, Máy Quay",https://tiki.vn/phu-kien-may-anh-may-quay/c1818,"Pin - Sạc Máy Ảnh, Máy Quay",https://tiki.vn/pin-sac-may-anh-may-quay/c2662,2662,https://tiki.vn/pin-sac-may-anh-may-quay/c2662
Máy Ảnh - Máy Quay Phim,https://tiki.vn/may-anh/c1801,"Phụ Kiện Máy Ảnh, Máy Quay",https://tiki.vn/phu-kien-may-anh-may-quay/c1818,Dụng Cụ Vệ Sinh Máy Ảnh,https://tiki.vn/dung-cu-ve-sinh-may-anh/c20260,20260,https://tiki.vn/dung-cu-ve-sinh-may-anh/c20260
Máy Ảnh - Máy Quay Phim,https://tiki.vn/may-anh/c1801,"Phụ Kiện Máy Ảnh, Máy Quay",https://tiki.vn/phu-kien-may-anh-may-quay/c1818,"Phụ Kiện Máy Ảnh, Máy Quay Khác",https://tiki.vn/phu-kien-may-anh-may-quay-khac/c8054,8054,https://tiki.vn/phu-kien-may-anh-may-quay-khac/c8054
Máy Ảnh - Máy Quay Phim,https://tiki.vn/may-anh/c1801,"Phụ Kiện Máy Ảnh, Máy Quay",https://tiki.vn/phu-kien-may-anh-may-quay/c1818,Miếng Dán Bảo Vệ Màn Hình Máy Ảnh,https://tiki.vn/mieng-dan-bao-ve-man-hinh-may-anh/c20262,20262,https://tiki.vn/mieng-dan-bao-ve-man-hinh-may-anh/c20262
Máy Ảnh - Máy Quay Phim,https://tiki.vn/may-anh/c1801,"Phụ Kiện Máy Ảnh, Máy Quay",https://tiki.vn/phu-kien-may-anh-may-quay/c1818,Kính Lọc - Filter,https://tiki.vn/kinh-loc-filter/c1841,1841,https://tiki.vn/kinh-loc-filter/c1841
Máy Ảnh - Máy Quay Phim,https://tiki.vn/may-anh/c1801,"Phụ Kiện Máy Ảnh, Máy Quay",https://tiki.vn/phu-kien-may-anh-may-quay/c1818,Điều Khiển Từ Xa,https://tiki.vn/dieu-khien-tu-xa/c28758,28758,https://tiki.vn/dieu-khien-tu-xa/c28758
Máy Ảnh - Máy Quay Phim,https://tiki.vn/may-anh/c1801,"Phụ Kiện Máy Ảnh, Máy Quay",https://tiki.vn/phu-kien-may-anh-may-quay/c1818,Adapter - Ngàm Chuyển,https://tiki.vn/adapter-ngam-chuyen/c20264,20264,https://tiki.vn/adapter-ngam-chuyen/c20264
Máy Ảnh - Máy Quay Phim,https://tiki.vn/may-anh/c1801,"Phụ Kiện Máy Ảnh, Máy Quay",https://tiki.vn/phu-kien-may-anh-may-quay/c1818,Gimbal,https://tiki.vn/gimbal/c28760,28760,https://tiki.vn/gimbal/c28760
Máy Ảnh - Máy Quay Phim,https://tiki.vn/may-anh/c1801,"Phụ Kiện Máy Ảnh, Máy Quay",https://tiki.vn/phu-kien-may-anh-may-quay/c1818,"Túi Hút Ẩm Cho Máy Ảnh, Máy Quay",https://tiki.vn/tui-hut-am-cho-may-anh-may-quay/c28766,28766,https://tiki.vn/tui-hut-am-cho-may-anh-may-quay/c28766
Máy Ảnh - Máy Quay Phim,https://tiki.vn/may-anh/c1801,"Phụ Kiện Máy Ảnh, Máy Quay",https://tiki.vn/phu-kien-may-anh-may-quay/c1818,"Chân Máy Ảnh, Monopod, Tripod",https://tiki.vn/chan-may-anh-monopod-tripod/c2678,2678,https://tiki.vn/chan-may-anh-monopod-tripod/c2678
Máy Ảnh - Máy Quay Phim,https://tiki.vn/may-anh/c1801,"Phụ Kiện Máy Ảnh, Máy Quay",https://tiki.vn/phu-kien-may-anh-may-quay/c1818,Thẻ Nhớ Máy Ảnh,https://tiki.vn/the-nho-may-anh/c1839,1839,https://tiki.vn/the-nho-may-anh/c1839
Máy Ảnh - Máy Quay Phim,https://tiki.vn/may-anh/c1801,"Phụ Kiện Máy Ảnh, Máy Quay",https://tiki.vn/phu-kien-may-anh-may-quay/c1818,Thiết Bị Phòng Tối,https://tiki.vn/thiet-bi-phong-toi/c28776,28776,https://tiki.vn/thiet-bi-phong-toi/c28776
Máy Ảnh - Máy Quay Phim,https://tiki.vn/may-anh/c1801,Balo - Túi Đựng - Bao Da,https://tiki.vn/balo-tui-dung-bao-da/c1840,Hộp Đựng - Tủ Chống Ẩm,https://tiki.vn/hop-dung-tu-chong-am/c1843,1843,https://tiki.vn/hop-dung-tu-chong-am/c1843
Máy Ảnh - Máy Quay Phim,https://tiki.vn/may-anh/c1801,Balo - Túi Đựng - Bao Da,https://tiki.vn/balo-tui-dung-bao-da/c1840,"Bao Đựng Chống Sốc, Chống Nước",https://tiki.vn/bao-dung-chong-soc-chong-nuoc/c20270,20270,https://tiki.vn/bao-dung-chong-soc-chong-nuoc/c20270
Máy Ảnh - Máy Quay Phim,https://tiki.vn/may-anh/c1801,Balo - Túi Đựng - Bao Da,https://tiki.vn/balo-tui-dung-bao-da/c1840,"Dây Đeo Máy Ảnh, Máy Quay, Ống Nhòm",https://tiki.vn/day-deo-may-anh-may-quay-ong-nhom/c28780,28780,https://tiki.vn/day-deo-may-anh-may-quay-ong-nhom/c28780
Máy Ảnh - Máy Quay Phim,https://tiki.vn/may-anh/c1801,Balo - Túi Đựng - Bao Da,https://tiki.vn/balo-tui-dung-bao-da/c1840,Túi Đựng Máy Ảnh,https://tiki.vn/tui-dung-may-anh/c28778,28778,https://tiki.vn/tui-dung-may-anh/c28778
Máy Ảnh - Máy Quay Phim,https://tiki.vn/may-anh/c1801,Balo - Túi Đựng - Bao Da,https://tiki.vn/balo-tui-dung-bao-da/c1840,Túi và Hộp Đựng Máy Ảnh,https://tiki.vn/tui-va-hop-dung-may-anh/c28784,28784,https://tiki.vn/tui-va-hop-dung-may-anh/c28784
Máy Ảnh - Máy Quay Phim,https://tiki.vn/may-anh/c1801,Ống Kính - Ống Ngắm,https://tiki.vn/ong-kinh-ong-ngam/c28794,Ống Nhòm,https://tiki.vn/ong-nhom/c20268,20268,https://tiki.vn/ong-nhom/c20268
Máy Ảnh - Máy Quay Phim,https://tiki.vn/may-anh/c1801,Ống Kính - Ống Ngắm,https://tiki.vn/ong-kinh-ong-ngam/c28794,Kính Hiển Vi,https://tiki.vn/kinh-hien-vi/c28798,28798,https://tiki.vn/kinh-hien-vi/c28798
Máy Ảnh - Máy Quay Phim,https://tiki.vn/may-anh/c1801,Ống Kính - Ống Ngắm,https://tiki.vn/ong-kinh-ong-ngam/c28794,Kính Viễn Vọng - Kính Thiên Văn,https://tiki.vn/kinh-vien-vong-kinh-thien-van/c28802,28802,https://tiki.vn/kinh-vien-vong-kinh-thien-van/c28802
Máy Ảnh - Máy Quay Phim,https://tiki.vn/may-anh/c1801,Ống Kính - Ống Ngắm,https://tiki.vn/ong-kinh-ong-ngam/c28794,"Phụ Kiện Ống Kính, Ống Ngắm",https://tiki.vn/phu-kien-ong-kinh-ong-ngam/c28804,28804,https://tiki.vn/phu-kien-ong-kinh-ong-ngam/c28804
Máy Ảnh - Máy Quay Phim,https://tiki.vn/may-anh/c1801,Ống Kính (Lens),https://tiki.vn/ong-kinh-lens/c2757,Ống Kính Máy Ảnh,https://tiki.vn/ong-kinh-may-anh/c28812,28812,https://tiki.vn/ong-kinh-may-anh/c28812
Máy Ảnh - Máy Quay Phim,https://tiki.vn/may-anh/c1801,Thiết Bị Ánh Sáng,https://tiki.vn/thiet-bi-anh-sang/c28814,Đèn Chiếu Sáng Studio,https://tiki.vn/den-chieu-sang-studio/c28816,28816,https://tiki.vn/den-chieu-sang-studio/c28816
Máy Ảnh - Máy Quay Phim,https://tiki.vn/may-anh/c1801,Thiết Bị Ánh Sáng,https://tiki.vn/thiet-bi-anh-sang/c28814,Đèn Flash và Phụ Kiện,https://tiki.vn/den-flash-va-phu-kien/c4075,4075,https://tiki.vn/den-flash-va-phu-kien/c4075
Máy Ảnh - Máy Quay Phim,https://tiki.vn/may-anh/c1801,Thiết Bị Ánh Sáng,https://tiki.vn/thiet-bi-anh-sang/c28814,Thiết Bị Phản Sáng và Phụ Kiện,https://tiki.vn/thiet-bi-phan-sang-va-phu-kien/c28820,28820,https://tiki.vn/thiet-bi-phan-sang-va-phu-kien/c28820
Máy Ảnh - Máy Quay Phim,https://tiki.vn/may-anh/c1801,Thiết Bị Quay Phim,https://tiki.vn/thiet-bi-quay-phim/c28822,Máy Quay Phim,https://tiki.vn/may-quay-phim/c4074,4074,https://tiki.vn/may-quay-phim/c4074
Máy Ảnh - Máy Quay Phim,https://tiki.vn/may-anh/c1801,Thiết Bị Quay Phim,https://tiki.vn/thiet-bi-quay-phim/c28822,Micro Cho Máy Quay,https://tiki.vn/micro-cho-may-quay/c28826,28826,https://tiki.vn/micro-cho-may-quay/c28826
Máy Ảnh - Máy Quay Phim,https://tiki.vn/may-anh/c1801,Thiết Bị Quay Phim,https://tiki.vn/thiet-bi-quay-phim/c28822,Phụ Kiện Máy Quay Khác,https://tiki.vn/phu-kien-may-quay-khac/c28828,28828,https://tiki.vn/phu-kien-may-quay-khac/c28828
Máy Ảnh - Máy Quay Phim,https://tiki.vn/may-anh/c1801,Camera Giám Sát,https://tiki.vn/camera-giam-sat/c4077,Camera IP,https://tiki.vn/camera-ip/c5121,5121,https://tiki.vn/camera-ip/c5121
Máy Ảnh - Máy Quay Phim,https://tiki.vn/may-anh/c1801,Camera Giám Sát,https://tiki.vn/camera-giam-sat/c4077,Camera Quan Sát Analog,https://tiki.vn/camera-quan-sat-analog/c5123,5123,https://tiki.vn/camera-quan-sat-analog/c5123
Máy Ảnh - Máy Quay Phim,https://tiki.vn/may-anh/c1801,Camera Giám Sát,https://tiki.vn/camera-giam-sat/c4077,Đầu Ghi Hình Camera,https://tiki.vn/dau-ghi-hinh-camera/c5124,5124,https://tiki.vn/dau-ghi-hinh-camera/c5124
Máy Ảnh - Máy Quay Phim,https://tiki.vn/may-anh/c1801,Camera Giám Sát,https://tiki.vn/camera-giam-sat/c4077,Hệ Thống Camera Giám Sát,https://tiki.vn/he-thong-camera-giam-sat/c28832,28832,https://tiki.vn/he-thong-camera-giam-sat/c28832
Máy Ảnh - Máy Quay Phim,https://tiki.vn/may-anh/c1801,Camera Giám Sát,https://tiki.vn/camera-giam-sat/c4077,Phụ Kiện Camera Giám Sát,https://tiki.vn/phu-kien-camera-giam-sat/c7912,7912,https://tiki.vn/phu-kien-camera-giam-sat/c7912
Máy Ảnh - Máy Quay Phim,https://tiki.vn/may-anh/c1801,Máy Bay Camera và Phụ Kiện,https://tiki.vn/may-bay-camera-va-phu-kien/c8047,Phụ Kiện Máy Bay Camera - Drone,https://tiki.vn/phu-kien-may-bay-camera-drone/c8049,8049,https://tiki.vn/phu-kien-may-bay-camera-drone/c8049
Máy Ảnh - Máy Quay Phim,https://tiki.vn/may-anh/c1801,Camera Hành Trình - Action Camera và Phụ Kiện,https://tiki.vn/camera-hanh-trinh-action-camera-va-phu-kien/c28834,Action Camera,https://tiki.vn/action-camera/c4879,4879,https://tiki.vn/action-camera/c4879
Máy Ảnh - Máy Quay Phim,https://tiki.vn/may-anh/c1801,Camera Hành Trình - Action Camera và Phụ Kiện,https://tiki.vn/camera-hanh-trinh-action-camera-va-phu-kien/c28834,Phụ Kiện Camera Hành Trình,https://tiki.vn/phu-kien-camera-hanh-trinh/c28836,28836,https://tiki.vn/phu-kien-camera-hanh-trinh/c28836
Máy Ảnh - Máy Quay Phim,https://tiki.vn/may-anh/c1801,Camera Hành Trình - Action Camera và Phụ Kiện,https://tiki.vn/camera-hanh-trinh-action-camera-va-phu-kien/c28834,"Camera Hành Trình Ô Tô, Xe Máy",https://tiki.vn/camera-hanh-trinh-o-to-xe-may/c4079,4079,https://tiki.vn/camera-hanh-trinh-o-to-xe-may/c4079
Phụ kiện thời trang,https://tiki.vn/phu-kien-thoi-trang/c27498,,,,,27498,https://tiki.vn/phu-kien-thoi-trang/c27498
Phụ kiện thời trang,https://tiki.vn/phu-kien-thoi-trang/c27498,Mắt kính,https://tiki.vn/mat-kinh/c8370,,,8370,https://tiki.vn/mat-kinh/c8370
Phụ kiện thời trang,https://tiki.vn/phu-kien-thoi-trang/c27498,Phụ kiện thời trang nữ,https://tiki.vn/phu-kien-thoi-trang-nu/c975,,,975,https://tiki.vn/phu-kien-thoi-trang-nu/c975
Phụ kiện thời trang,https://tiki.vn/phu-kien-thoi-trang/c27498,Phụ kiện thời trang nam,https://tiki.vn/phu-kien-thoi-trang-nam/c27550,,,27550,https://tiki.vn/phu-kien-thoi-trang-nam/c27550
Phụ kiện thời trang,https://tiki.vn/phu-kien-thoi-trang/c27498,Mắt kính,https://tiki.vn/mat-kinh/c8370,Kính mát,https://tiki.vn/kinh-mat/c978,978,https://tiki.vn/kinh-mat/c978
Phụ kiện thời trang,https://tiki.vn/phu-kien-thoi-trang/c27498,Mắt kính,https://tiki.vn/mat-kinh/c8370,Gọng kính,https://tiki.vn/gong-kinh/c1017,1017,https://tiki.vn/gong-kinh/c1017
Phụ kiện thời trang,https://tiki.vn/phu-kien-thoi-trang/c27498,Mắt kính,https://tiki.vn/mat-kinh/c8370,Kính áp tròng,https://tiki.vn/kinh-ap-trong/c11839,11839,https://tiki.vn/kinh-ap-trong/c11839
Phụ kiện thời trang,https://tiki.vn/phu-kien-thoi-trang/c27498,Mắt kính,https://tiki.vn/mat-kinh/c8370,Mắt kính trẻ em,https://tiki.vn/mat-kinh-tre-em/c11374,11374,https://tiki.vn/mat-kinh-tre-em/c11374
Phụ kiện thời trang,https://tiki.vn/phu-kien-thoi-trang/c27498,Mắt kính,https://tiki.vn/mat-kinh/c8370,Phụ kiện kính,https://tiki.vn/phu-kien-kinh/c11843,11843,https://tiki.vn/phu-kien-kinh/c11843
Phụ kiện thời trang,https://tiki.vn/phu-kien-thoi-trang/c27498,Phụ kiện thời trang nữ,https://tiki.vn/phu-kien-thoi-trang-nu/c975,Nón nữ,https://tiki.vn/non-nu/c5401,5401,https://tiki.vn/non-nu/c5401
Phụ kiện thời trang,https://tiki.vn/phu-kien-thoi-trang/c27498,Phụ kiện thời trang nữ,https://tiki.vn/phu-kien-thoi-trang-nu/c975,Khăn - Tất - Vớ nữ,https://tiki.vn/khan-tat-vo-nu/c5403,5403,https://tiki.vn/khan-tat-vo-nu/c5403
Phụ kiện thời trang,https://tiki.vn/phu-kien-thoi-trang/c27498,Phụ kiện thời trang nữ,https://tiki.vn/phu-kien-thoi-trang-nu/c975,Phụ kiện tóc nữ,https://tiki.vn/phu-kien-toc-nu/c8361,8361,https://tiki.vn/phu-kien-toc-nu/c8361
Phụ kiện thời trang,https://tiki.vn/phu-kien-thoi-trang/c27498,Phụ kiện thời trang nữ,https://tiki.vn/phu-kien-thoi-trang-nu/c975,Thắt lưng - Dây nịt nữ và phụ kiện,https://tiki.vn/that-lung-day-nit-nu-va-phu-kien/c5387,5387,https://tiki.vn/that-lung-day-nit-nu-va-phu-kien/c5387
Phụ kiện thời trang,https://tiki.vn/phu-kien-thoi-trang/c27498,Phụ kiện thời trang nữ,https://tiki.vn/phu-kien-thoi-trang-nu/c975,Phụ kiện cưới,https://tiki.vn/phu-kien-cuoi/c5400,5400,https://tiki.vn/phu-kien-cuoi/c5400
Phụ kiện thời trang,https://tiki.vn/phu-kien-thoi-trang/c27498,Phụ kiện thời trang nữ,https://tiki.vn/phu-kien-thoi-trang-nu/c975,Cài Áo,https://tiki.vn/cai-ao/c15118,15118,https://tiki.vn/cai-ao/c15118
Phụ kiện thời trang,https://tiki.vn/phu-kien-thoi-trang/c27498,Phụ kiện thời trang nữ,https://tiki.vn/phu-kien-thoi-trang-nu/c975,Phụ kiện thời trang nữ khác,https://tiki.vn/phu-kien-thoi-trang-nu-khac/c67145,67145,https://tiki.vn/phu-kien-thoi-trang-nu-khac/c67145
Phụ kiện thời trang,https://tiki.vn/phu-kien-thoi-trang/c27498,Phụ kiện thời trang nữ,https://tiki.vn/phu-kien-thoi-trang-nu/c975,"Ô, dù",https://tiki.vn/o-du/c67146,67146,https://tiki.vn/o-du/c67146
Phụ kiện thời trang,https://tiki.vn/phu-kien-thoi-trang/c27498,Phụ kiện thời trang nam,https://tiki.vn/phu-kien-thoi-trang-nam/c27550,Nón nam,https://tiki.vn/non-nam/c8341,8341,https://tiki.vn/non-nam/c8341
Phụ kiện thời trang,https://tiki.vn/phu-kien-thoi-trang/c27498,Phụ kiện thời trang nam,https://tiki.vn/phu-kien-thoi-trang-nam/c27550,Khăn nam,https://tiki.vn/khan-nam/c8343,8343,https://tiki.vn/khan-nam/c8343
Phụ kiện thời trang,https://tiki.vn/phu-kien-thoi-trang/c27498,Phụ kiện thời trang nam,https://tiki.vn/phu-kien-thoi-trang-nam/c27550,"Tất, vớ nam",https://tiki.vn/vo-nam/c5343,5343,https://tiki.vn/vo-nam/c5343
Phụ kiện thời trang,https://tiki.vn/phu-kien-thoi-trang/c27498,Phụ kiện thời trang nam,https://tiki.vn/phu-kien-thoi-trang-nam/c27550,"Thắt lưng, dây nịt nam",https://tiki.vn/that-lung-day-nit-nam/c968,968,https://tiki.vn/that-lung-day-nit-nam/c968
Phụ kiện thời trang,https://tiki.vn/phu-kien-thoi-trang/c27498,Phụ kiện thời trang nam,https://tiki.vn/phu-kien-thoi-trang-nam/c27550,Hình xăm nam,https://tiki.vn/hinh-xam-nam/c49720,49720,https://tiki.vn/hinh-xam-nam/c49720
Phụ kiện thời trang,https://tiki.vn/phu-kien-thoi-trang/c27498,Phụ kiện thời trang nam,https://tiki.vn/phu-kien-thoi-trang-nam/c27550,Găng tay nam,https://tiki.vn/gang-tay-nam/c8342,8342,https://tiki.vn/gang-tay-nam/c8342
Phụ kiện thời trang,https://tiki.vn/phu-kien-thoi-trang/c27498,Phụ kiện thời trang nam,https://tiki.vn/phu-kien-thoi-trang-nam/c27550,"Cà vạt, nơ cổ",https://tiki.vn/ca-vat-no-co/c67142,67142,https://tiki.vn/ca-vat-no-co/c67142
Phụ kiện thời trang,https://tiki.vn/phu-kien-thoi-trang/c27498,Phụ kiện thời trang nam,https://tiki.vn/phu-kien-thoi-trang-nam/c27550,Phụ kiện thời trang nam khác,https://tiki.vn/phu-kien-thoi-trang-nam-khac/c67144,67144,https://tiki.vn/phu-kien-thoi-trang-nam-khac/c67144
NGON,https://tiki.vn/ngon/c44792,,,,,44792,https://tiki.vn/ngon/c44792
NGON,https://tiki.vn/ngon/c44792,Trái Cây,https://tiki.vn/trai-cay/c44824,,,44824,https://tiki.vn/trai-cay/c44824
NGON,https://tiki.vn/ngon/c44792,"Thịt, Trứng",https://tiki.vn/thit-trung/c54276,,,54276,https://tiki.vn/thit-trung/c54276
NGON,https://tiki.vn/ngon/c44792,"Cá, thuỷ hải sản",https://tiki.vn/ca-thuy-hai-san/c54290,,,54290,https://tiki.vn/ca-thuy-hai-san/c54290
NGON,https://tiki.vn/ngon/c44792,Rau củ quả,https://tiki.vn/rau-cu-qua/c54302,,,54302,https://tiki.vn/rau-cu-qua/c54302
NGON,https://tiki.vn/ngon/c44792,Thực phẩm đóng hộp và khô,https://tiki.vn/thuc-pham-dong-hop-va-kho/c54316,,,54316,https://tiki.vn/thuc-pham-dong-hop-va-kho/c54316
NGON,https://tiki.vn/ngon/c44792,Sữa và các Sản phẩm từ sữa,https://tiki.vn/sua-va-cac-san-pham-tu-sua/c54330,,,54330,https://tiki.vn/sua-va-cac-san-pham-tu-sua/c54330
NGON,https://tiki.vn/ngon/c44792,"Đông lạnh, mát",https://tiki.vn/dong-lanh-mat/c54344,,,54344,https://tiki.vn/dong-lanh-mat/c54344
NGON,https://tiki.vn/ngon/c44792,Gia Vị và Chế Biến,https://tiki.vn/gia-vi-va-che-bien/c54362,,,54362,https://tiki.vn/gia-vi-va-che-bien/c54362
NGON,https://tiki.vn/ngon/c44792,Đồ uống có cồn,https://tiki.vn/do-uong-co-con/c54412,,,54412,https://tiki.vn/do-uong-co-con/c54412
NGON,https://tiki.vn/ngon/c44792,Dành cho trẻ em,https://tiki.vn/danh-cho-tre-em/c54438,,,54438,https://tiki.vn/danh-cho-tre-em/c54438
NGON,https://tiki.vn/ngon/c44792,"Bánh kẹo, đồ ăn vặt",https://tiki.vn/banh-keo-do-an-vat/c54452,,,54452,https://tiki.vn/banh-keo-do-an-vat/c54452
NGON,https://tiki.vn/ngon/c44792,Chăm sóc thú cưng,https://tiki.vn/cham-soc-thu-cung/c54466,,,54466,https://tiki.vn/cham-soc-thu-cung/c54466
NGON,https://tiki.vn/ngon/c44792,"Gia dụng, tiện ích",https://tiki.vn/gia-dung-tien-ich/c54514,,,54514,https://tiki.vn/gia-dung-tien-ich/c54514
NGON,https://tiki.vn/ngon/c44792,Bộ quà tặng,https://tiki.vn/bo-qua-tang/c68747,,,68747,https://tiki.vn/bo-qua-tang/c68747
NGON,https://tiki.vn/ngon/c44792,Đồ uống - Pha chế dạng bột,https://tiki.vn/do-uong-pha-che-dang-bot/c69032,,,69032,https://tiki.vn/do-uong-pha-che-dang-bot/c69032
NGON,https://tiki.vn/ngon/c44792,Đồ Uống Không Cồn,https://tiki.vn/do-uong-khong-con/c69118,,,69118,https://tiki.vn/do-uong-khong-con/c69118
NGON,https://tiki.vn/ngon/c44792,Thực phẩm chay,https://tiki.vn/thuc-pham-chay/c54430,,,54430,https://tiki.vn/thuc-pham-chay/c54430
NGON,https://tiki.vn/ngon/c44792,Trái Cây,https://tiki.vn/trai-cay/c44824,Trái Cây Nội Địa,https://tiki.vn/trai-cay-noi-dia/c44826,44826,https://tiki.vn/trai-cay-noi-dia/c44826
NGON,https://tiki.vn/ngon/c44792,Trái Cây,https://tiki.vn/trai-cay/c44824,Trái Cây Nhập Khẩu,https://tiki.vn/trai-cay-nhap-khau/c44828,44828,https://tiki.vn/trai-cay-nhap-khau/c44828
NGON,https://tiki.vn/ngon/c44792,"Thịt, Trứng",https://tiki.vn/thit-trung/c54276,"Thịt heo, lợn",https://tiki.vn/thit-heo-lon/c54278,54278,https://tiki.vn/thit-heo-lon/c54278
NGON,https://tiki.vn/ngon/c44792,"Thịt, Trứng",https://tiki.vn/thit-trung/c54276,"Thịt bò, bê",https://tiki.vn/thit-bo-be/c54280,54280,https://tiki.vn/thit-bo-be/c54280
NGON,https://tiki.vn/ngon/c44792,"Thịt, Trứng",https://tiki.vn/thit-trung/c54276,"Thịt gà, vịt, chim",https://tiki.vn/thit-ga-vit-chim/c54282,54282,https://tiki.vn/thit-ga-vit-chim/c54282
NGON,https://tiki.vn/ngon/c44792,"Thịt, Trứng",https://tiki.vn/thit-trung/c54276,Thịt đông lạnh,https://tiki.vn/thit-dong-lanh/c54284,54284,https://tiki.vn/thit-dong-lanh/c54284
NGON,https://tiki.vn/ngon/c44792,"Thịt, Trứng",https://tiki.vn/thit-trung/c54276,Các loại thịt khác,https://tiki.vn/cac-loai-thit-khac/c54286,54286,https://tiki.vn/cac-loai-thit-khac/c54286
NGON,https://tiki.vn/ngon/c44792,"Thịt, Trứng",https://tiki.vn/thit-trung/c54276,"Trứng gà, vịt, cút",https://tiki.vn/trung-ga-vit-cut/c54288,54288,https://tiki.vn/trung-ga-vit-cut/c54288
NGON,https://tiki.vn/ngon/c44792,"Cá, thuỷ hải sản",https://tiki.vn/ca-thuy-hai-san/c54290,"Tôm, cua, ghẹ, ốc",https://tiki.vn/tom-cua-ghe-oc/c54292,54292,https://tiki.vn/tom-cua-ghe-oc/c54292
NGON,https://tiki.vn/ngon/c44792,"Cá, thuỷ hải sản",https://tiki.vn/ca-thuy-hai-san/c54290,"Cá, hải sản đông lạnh",https://tiki.vn/ca-hai-san-dong-lanh/c54294,54294,https://tiki.vn/ca-hai-san-dong-lanh/c54294
NGON,https://tiki.vn/ngon/c44792,"Cá, thuỷ hải sản",https://tiki.vn/ca-thuy-hai-san/c54290,"Cá khô, tôm, mực khô",https://tiki.vn/ca-kho-tom-muc-kho/c54296,54296,https://tiki.vn/ca-kho-tom-muc-kho/c54296
NGON,https://tiki.vn/ngon/c44792,"Cá, thuỷ hải sản",https://tiki.vn/ca-thuy-hai-san/c54290,Thủy hải sản chế biến,https://tiki.vn/thuy-hai-san-che-bien/c54298,54298,https://tiki.vn/thuy-hai-san-che-bien/c54298
NGON,https://tiki.vn/ngon/c44792,"Cá, thuỷ hải sản",https://tiki.vn/ca-thuy-hai-san/c54290,Thủy hải sản khác,https://tiki.vn/thuy-hai-san-khac/c54300,54300,https://tiki.vn/thuy-hai-san-khac/c54300
NGON,https://tiki.vn/ngon/c44792,Rau củ quả,https://tiki.vn/rau-cu-qua/c54302,"Rau xanh, rau tươi",https://tiki.vn/rau-xanh-rau-tuoi/c54304,54304,https://tiki.vn/rau-xanh-rau-tuoi/c54304
NGON,https://tiki.vn/ngon/c44792,Rau củ quả,https://tiki.vn/rau-cu-qua/c54302,"Củ, quả, măng tươi",https://tiki.vn/cu-qua-mang-tuoi/c54306,54306,https://tiki.vn/cu-qua-mang-tuoi/c54306
NGON,https://tiki.vn/ngon/c44792,Rau củ quả,https://tiki.vn/rau-cu-qua/c54302,"Hành, tỏi, ớt, rau thơm",https://tiki.vn/hanh-toi-ot-rau-thom/c54308,54308,https://tiki.vn/hanh-toi-ot-rau-thom/c54308
NGON,https://tiki.vn/ngon/c44792,Rau củ quả,https://tiki.vn/rau-cu-qua/c54302,"Nấm, hạt các loại",https://tiki.vn/nam-hat-cac-loai/c54310,54310,https://tiki.vn/nam-hat-cac-loai/c54310
NGON,https://tiki.vn/ngon/c44792,Thực phẩm đóng hộp và khô,https://tiki.vn/thuc-pham-dong-hop-va-kho/c54316,"Bún, phở tươi, bánh mì",https://tiki.vn/bun-pho-tuoi-banh-mi/c54318,54318,https://tiki.vn/bun-pho-tuoi-banh-mi/c54318
NGON,https://tiki.vn/ngon/c44792,Thực phẩm đóng hộp và khô,https://tiki.vn/thuc-pham-dong-hop-va-kho/c54316,"Dưa muối, đồ chua, mắm",https://tiki.vn/dua-muoi-do-chua-mam/c54320,54320,https://tiki.vn/dua-muoi-do-chua-mam/c54320
NGON,https://tiki.vn/ngon/c44792,Thực phẩm đóng hộp và khô,https://tiki.vn/thuc-pham-dong-hop-va-kho/c54316,"Lạp xưởng, thịt khô, nem",https://tiki.vn/lap-xuong-thit-kho-nem/c54322,54322,https://tiki.vn/lap-xuong-thit-kho-nem/c54322
NGON,https://tiki.vn/ngon/c44792,Thực phẩm đóng hộp và khô,https://tiki.vn/thuc-pham-dong-hop-va-kho/c54316,"Đậu hũ, thực phẩm khác",https://tiki.vn/dau-hu-thuc-pham-khac/c54326,54326,https://tiki.vn/dau-hu-thuc-pham-khac/c54326
NGON,https://tiki.vn/ngon/c44792,Thực phẩm đóng hộp và khô,https://tiki.vn/thuc-pham-dong-hop-va-kho/c54316,Đặc sản Việt nam,https://tiki.vn/dac-san-viet-nam/c54328,54328,https://tiki.vn/dac-san-viet-nam/c54328
NGON,https://tiki.vn/ngon/c44792,Thực phẩm đóng hộp và khô,https://tiki.vn/thuc-pham-dong-hop-va-kho/c54316,Thực phẩm chế biến sẵn,https://tiki.vn/thuc-pham-che-bien-san/c44832,44832,https://tiki.vn/thuc-pham-che-bien-san/c44832
NGON,https://tiki.vn/ngon/c44792,Thực phẩm đóng hộp và khô,https://tiki.vn/thuc-pham-dong-hop-va-kho/c54316,Đồ hộp,https://tiki.vn/do-hop/c54398,54398,https://tiki.vn/do-hop/c54398
NGON,https://tiki.vn/ngon/c44792,Thực phẩm đóng hộp và khô,https://tiki.vn/thuc-pham-dong-hop-va-kho/c54316,Thực phẩm khác,https://tiki.vn/thuc-pham-khac/c69036,69036,https://tiki.vn/thuc-pham-khac/c69036
NGON,https://tiki.vn/ngon/c44792,Thực phẩm đóng hộp và khô,https://tiki.vn/thuc-pham-dong-hop-va-kho/c54316,Thực phẩm khô,https://tiki.vn/thuc-pham-kho/c54384,54384,https://tiki.vn/thuc-pham-kho/c54384
NGON,https://tiki.vn/ngon/c44792,Sữa và các Sản phẩm từ sữa,https://tiki.vn/sua-va-cac-san-pham-tu-sua/c54330,Sữa đặc,https://tiki.vn/sua-dac/c54336,54336,https://tiki.vn/sua-dac/c54336
NGON,https://tiki.vn/ngon/c44792,Sữa và các Sản phẩm từ sữa,https://tiki.vn/sua-va-cac-san-pham-tu-sua/c54330,Các Sản Phẩm Từ Sữa Khác,https://tiki.vn/cac-san-pham-tu-sua-khac/c54338,54338,https://tiki.vn/cac-san-pham-tu-sua-khac/c54338
NGON,https://tiki.vn/ngon/c44792,Sữa và các Sản phẩm từ sữa,https://tiki.vn/sua-va-cac-san-pham-tu-sua/c54330,Sữa nước,https://tiki.vn/sua-nuoc/c68719,68719,https://tiki.vn/sua-nuoc/c68719
NGON,https://tiki.vn/ngon/c44792,"Đông lạnh, mát",https://tiki.vn/dong-lanh-mat/c54344,"Thịt, hải sản đông lạnh",https://tiki.vn/thit-hai-san-dong-lanh/c54346,54346,https://tiki.vn/thit-hai-san-dong-lanh/c54346
NGON,https://tiki.vn/ngon/c44792,"Đông lạnh, mát",https://tiki.vn/dong-lanh-mat/c54344,Rau củ quả đông lạnh,https://tiki.vn/rau-cu-qua-dong-lanh/c54348,54348,https://tiki.vn/rau-cu-qua-dong-lanh/c54348
NGON,https://tiki.vn/ngon/c44792,"Đông lạnh, mát",https://tiki.vn/dong-lanh-mat/c54344,"Xúc xích, pate, giò chả",https://tiki.vn/xuc-xich-pate-gio-cha/c54350,54350,https://tiki.vn/xuc-xich-pate-gio-cha/c54350
NGON,https://tiki.vn/ngon/c44792,"Đông lạnh, mát",https://tiki.vn/dong-lanh-mat/c54344,"Pizza, mì, cơm đông lạnh",https://tiki.vn/pizza-mi-com-dong-lanh/c54352,54352,https://tiki.vn/pizza-mi-com-dong-lanh/c54352
NGON,https://tiki.vn/ngon/c44792,"Đông lạnh, mát",https://tiki.vn/dong-lanh-mat/c54344,"Chả giò, cá, gà viên",https://tiki.vn/cha-gio-ca-ga-vien/c54354,54354,https://tiki.vn/cha-gio-ca-ga-vien/c54354
NGON,https://tiki.vn/ngon/c44792,"Đông lạnh, mát",https://tiki.vn/dong-lanh-mat/c54344,"Bánh bao, há cảo, mandu",https://tiki.vn/banh-bao-ha-cao-mandu/c54356,54356,https://tiki.vn/banh-bao-ha-cao-mandu/c54356
NGON,https://tiki.vn/ngon/c44792,"Đông lạnh, mát",https://tiki.vn/dong-lanh-mat/c54344,Gói nguyên liệu nấu ăn,https://tiki.vn/goi-nguyen-lieu-nau-an/c54360,54360,https://tiki.vn/goi-nguyen-lieu-nau-an/c54360
NGON,https://tiki.vn/ngon/c44792,Gia Vị và Chế Biến,https://tiki.vn/gia-vi-va-che-bien/c54362,Dầu ăn,https://tiki.vn/dau-an/c54364,54364,https://tiki.vn/dau-an/c54364
NGON,https://tiki.vn/ngon/c44792,Gia Vị và Chế Biến,https://tiki.vn/gia-vi-va-che-bien/c54362,Gia vị,https://tiki.vn/gia-vi/c54370,54370,https://tiki.vn/gia-vi/c54370
NGON,https://tiki.vn/ngon/c44792,Gia Vị và Chế Biến,https://tiki.vn/gia-vi-va-che-bien/c54362,"Sốt, nước chấm",https://tiki.vn/sot-nuoc-cham/c54374,54374,https://tiki.vn/sot-nuoc-cham/c54374
NGON,https://tiki.vn/ngon/c44792,Gia Vị và Chế Biến,https://tiki.vn/gia-vi-va-che-bien/c54362,Nấu ăn và làm bánh,https://tiki.vn/nau-an-va-lam-banh/c54380,54380,https://tiki.vn/nau-an-va-lam-banh/c54380
NGON,https://tiki.vn/ngon/c44792,Đồ uống có cồn,https://tiki.vn/do-uong-co-con/c54412,Rượu Vang,https://tiki.vn/ruou-vang/c54416,54416,https://tiki.vn/ruou-vang/c54416
NGON,https://tiki.vn/ngon/c44792,"Bánh kẹo, đồ ăn vặt",https://tiki.vn/banh-keo-do-an-vat/c54452,Mứt trái cây,https://tiki.vn/mut-trai-cay/c54458,54458,https://tiki.vn/mut-trai-cay/c54458
NGON,https://tiki.vn/ngon/c44792,"Bánh kẹo, đồ ăn vặt",https://tiki.vn/banh-keo-do-an-vat/c54452,"Giỏ quà, bánh theo mùa",https://tiki.vn/gio-qua-banh-theo-mua/c54464,54464,https://tiki.vn/gio-qua-banh-theo-mua/c54464
NGON,https://tiki.vn/ngon/c44792,"Bánh kẹo, đồ ăn vặt",https://tiki.vn/banh-keo-do-an-vat/c54452,Các loại đậu hạt,https://tiki.vn/cac-loai-dau-hat/c68692,68692,https://tiki.vn/cac-loai-dau-hat/c68692
NGON,https://tiki.vn/ngon/c44792,"Bánh kẹo, đồ ăn vặt",https://tiki.vn/banh-keo-do-an-vat/c54452,Các Loại Đồ Ăn Vặt Khác,https://tiki.vn/cac-loai-do-an-vat-khac/c68693,68693,https://tiki.vn/cac-loai-do-an-vat-khac/c68693
NGON,https://tiki.vn/ngon/c44792,"Bánh kẹo, đồ ăn vặt",https://tiki.vn/banh-keo-do-an-vat/c54452,Kẹo,https://tiki.vn/keo/c68704,68704,https://tiki.vn/keo/c68704
NGON,https://tiki.vn/ngon/c44792,"Bánh kẹo, đồ ăn vặt",https://tiki.vn/banh-keo-do-an-vat/c54452,Rong biển,https://tiki.vn/rong-bien/c68744,68744,https://tiki.vn/rong-bien/c68744
NGON,https://tiki.vn/ngon/c44792,"Bánh kẹo, đồ ăn vặt",https://tiki.vn/banh-keo-do-an-vat/c54452,Trái cây rau củ sấy,https://tiki.vn/trai-cay-rau-cu-say/c68745,68745,https://tiki.vn/trai-cay-rau-cu-say/c68745
NGON,https://tiki.vn/ngon/c44792,Chăm sóc thú cưng,https://tiki.vn/cham-soc-thu-cung/c54466,Thức ăn thú cưng,https://tiki.vn/thuc-an-thu-cung/c54468,54468,https://tiki.vn/thuc-an-thu-cung/c54468
NGON,https://tiki.vn/ngon/c44792,Chăm sóc thú cưng,https://tiki.vn/cham-soc-thu-cung/c54466,Đồ dùng vệ sinh thú cưng,https://tiki.vn/do-dung-ve-sinh-thu-cung/c68779,68779,https://tiki.vn/do-dung-ve-sinh-thu-cung/c68779
NGON,https://tiki.vn/ngon/c44792,Chăm sóc thú cưng,https://tiki.vn/cham-soc-thu-cung/c54466,Dung dịch vệ sinh thú cưng,https://tiki.vn/dung-dich-ve-sinh-thu-cung/c68788,68788,https://tiki.vn/dung-dich-ve-sinh-thu-cung/c68788
NGON,https://tiki.vn/ngon/c44792,"Gia dụng, tiện ích",https://tiki.vn/gia-dung-tien-ich/c54514,Đồ dùng nhà bếp,https://tiki.vn/do-dung-nha-bep/c54516,54516,https://tiki.vn/do-dung-nha-bep/c54516
NGON,https://tiki.vn/ngon/c44792,"Gia dụng, tiện ích",https://tiki.vn/gia-dung-tien-ich/c54514,Dụng cụ sửa chữa,https://tiki.vn/dung-cu-sua-chua/c54522,54522,https://tiki.vn/dung-cu-sua-chua/c54522
NGON,https://tiki.vn/ngon/c44792,"Gia dụng, tiện ích",https://tiki.vn/gia-dung-tien-ich/c54514,"Đồ nhà tắm, tiện ích khác",https://tiki.vn/do-nha-tam-tien-ich-khac/c54526,54526,https://tiki.vn/do-nha-tam-tien-ich-khac/c54526
NGON,https://tiki.vn/ngon/c44792,Bộ quà tặng,https://tiki.vn/bo-qua-tang/c68747,Bánh Trung Thu,https://tiki.vn/banh-trung-thu/c68748,68748,https://tiki.vn/banh-trung-thu/c68748
NGON,https://tiki.vn/ngon/c44792,Bộ quà tặng,https://tiki.vn/bo-qua-tang/c68747,Hộp Quà Tặng,https://tiki.vn/hop-qua-tang/c68750,68750,https://tiki.vn/hop-qua-tang/c68750
NGON,https://tiki.vn/ngon/c44792,Đồ uống - Pha chế dạng bột,https://tiki.vn/do-uong-pha-che-dang-bot/c69032,Cà phê,https://tiki.vn/ca-phe/c54426,54426,https://tiki.vn/ca-phe/c54426
NGON,https://tiki.vn/ngon/c44792,Đồ uống - Pha chế dạng bột,https://tiki.vn/do-uong-pha-che-dang-bot/c69032,Trà,https://tiki.vn/tra/c54424,54424,https://tiki.vn/tra/c54424
NGON,https://tiki.vn/ngon/c44792,Đồ uống - Pha chế dạng bột,https://tiki.vn/do-uong-pha-che-dang-bot/c69032,"Ngũ cốc, bột",https://tiki.vn/ngu-coc-bot/c69343,69343,https://tiki.vn/ngu-coc-bot/c69343
NGON,https://tiki.vn/ngon/c44792,Đồ Uống Không Cồn,https://tiki.vn/do-uong-khong-con/c69118,Nước ngọt & đồ uống không cồn,https://tiki.vn/nuoc-ngot-do-uong-khong-con/c69123,69123,https://tiki.vn/nuoc-ngot-do-uong-khong-con/c69123
NGON,https://tiki.vn/ngon/c44792,Đồ Uống Không Cồn,https://tiki.vn/do-uong-khong-con/c69118,Nước trái cây,https://tiki.vn/nuoc-trai-cay/c69124,69124,https://tiki.vn/nuoc-trai-cay/c69124
NGON,https://tiki.vn/ngon/c44792,Thực phẩm chay,https://tiki.vn/thuc-pham-chay/c54430,"Đồ chay khô, đóng hộp",https://tiki.vn/do-chay-kho-dong-hop/c54432,54432,https://tiki.vn/do-chay-kho-dong-hop/c54432
NGON,https://tiki.vn/ngon/c44792,Thực phẩm chay,https://tiki.vn/thuc-pham-chay/c54430,"Mì chay, gia vị chay",https://tiki.vn/mi-chay-gia-vi-chay/c54436,54436,https://tiki.vn/mi-chay-gia-vi-chay/c54436
Đồng hồ và Trang sức,https://tiki.vn/dong-ho-va-trang-suc/c8371,,,,,8371,https://tiki.vn/dong-ho-va-trang-suc/c8371
Đồng hồ và Trang sức,https://tiki.vn/dong-ho-va-trang-suc/c8371,Đồng hồ nam,https://tiki.vn/dong-ho-nam/c1778,,,1778,https://tiki.vn/dong-ho-nam/c1778
Đồng hồ và Trang sức,https://tiki.vn/dong-ho-va-trang-suc/c8371,Đồng hồ nữ,https://tiki.vn/dong-ho-nu/c977,,,977,https://tiki.vn/dong-ho-nu/c977
Đồng hồ và Trang sức,https://tiki.vn/dong-ho-va-trang-suc/c8371,Đồng hồ trẻ em,https://tiki.vn/dong-ho-tre-em/c11375,,,11375,https://tiki.vn/dong-ho-tre-em/c11375
Đồng hồ và Trang sức,https://tiki.vn/dong-ho-va-trang-suc/c8371,Phụ kiện đồng hồ,https://tiki.vn/phu-kien-dong-ho/c27542,,,27542,https://tiki.vn/phu-kien-dong-ho/c27542
Đồng hồ và Trang sức,https://tiki.vn/dong-ho-va-trang-suc/c8371,Trang sức,https://tiki.vn/trang-suc/c8374,,,8374,https://tiki.vn/trang-suc/c8374
Đồng hồ và Trang sức,https://tiki.vn/dong-ho-va-trang-suc/c8371,Đồng hồ nam,https://tiki.vn/dong-ho-nam/c1778,Đồng hồ business nam,https://tiki.vn/dong-ho-business-nam/c8512,8512,https://tiki.vn/dong-ho-business-nam/c8512
Đồng hồ và Trang sức,https://tiki.vn/dong-ho-va-trang-suc/c8371,Đồng hồ nam,https://tiki.vn/dong-ho-nam/c1778,"Đồng hồ thời trang, casual nam",https://tiki.vn/dong-ho-thoi-trang-casual-nam/c8511,8511,https://tiki.vn/dong-ho-thoi-trang-casual-nam/c8511
Đồng hồ và Trang sức,https://tiki.vn/dong-ho-va-trang-suc/c8371,Đồng hồ nam,https://tiki.vn/dong-ho-nam/c1778,Đồng hồ thể thao nam,https://tiki.vn/dong-ho-the-thao-nam/c8513,8513,https://tiki.vn/dong-ho-the-thao-nam/c8513
Đồng hồ và Trang sức,https://tiki.vn/dong-ho-va-trang-suc/c8371,Đồng hồ nam,https://tiki.vn/dong-ho-nam/c1778,Đồng hồ lộ máy,https://tiki.vn/dong-ho-lo-may/c7449,7449,https://tiki.vn/dong-ho-lo-may/c7449
Đồng hồ và Trang sức,https://tiki.vn/dong-ho-va-trang-suc/c8371,Đồng hồ nữ,https://tiki.vn/dong-ho-nu/c977,Đồng hồ dây da,https://tiki.vn/dong-ho-day-da-nu/c5384,5384,https://tiki.vn/dong-ho-day-da-nu/c5384
Đồng hồ và Trang sức,https://tiki.vn/dong-ho-va-trang-suc/c8371,Đồng hồ nữ,https://tiki.vn/dong-ho-nu/c977,Đồng hồ dây kim loại,https://tiki.vn/dong-ho-day-kim-loai-nu/c5385,5385,https://tiki.vn/dong-ho-day-kim-loai-nu/c5385
Đồng hồ và Trang sức,https://tiki.vn/dong-ho-va-trang-suc/c8371,Đồng hồ nữ,https://tiki.vn/dong-ho-nu/c977,Đồng hồ thể thao nữ,https://tiki.vn/dong-ho-the-thao-nu/c8516,8516,https://tiki.vn/dong-ho-the-thao-nu/c8516
Đồng hồ và Trang sức,https://tiki.vn/dong-ho-va-trang-suc/c8371,Đồng hồ trẻ em,https://tiki.vn/dong-ho-tre-em/c11375,Đồng hồ bé trai,https://tiki.vn/dong-ho-be-trai/c27544,27544,https://tiki.vn/dong-ho-be-trai/c27544
Đồng hồ và Trang sức,https://tiki.vn/dong-ho-va-trang-suc/c8371,Đồng hồ trẻ em,https://tiki.vn/dong-ho-tre-em/c11375,Đồng hồ bé gái,https://tiki.vn/dong-ho-be-gai/c27546,27546,https://tiki.vn/dong-ho-be-gai/c27546
Đồng hồ và Trang sức,https://tiki.vn/dong-ho-va-trang-suc/c8371,Phụ kiện đồng hồ,https://tiki.vn/phu-kien-dong-ho/c27542,Dây đồng hồ,https://tiki.vn/day-dong-ho/c49722,49722,https://tiki.vn/day-dong-ho/c49722
Đồng hồ và Trang sức,https://tiki.vn/dong-ho-va-trang-suc/c8371,Phụ kiện đồng hồ,https://tiki.vn/phu-kien-dong-ho/c27542,Hộp đựng đồng hồ,https://tiki.vn/hop-dung-dong-ho/c49724,49724,https://tiki.vn/hop-dung-dong-ho/c49724
Đồng hồ và Trang sức,https://tiki.vn/dong-ho-va-trang-suc/c8371,Phụ kiện đồng hồ,https://tiki.vn/phu-kien-dong-ho/c27542,Dụng cụ sửa đồng hồ,https://tiki.vn/dung-cu-sua-dong-ho/c49726,49726,https://tiki.vn/dung-cu-sua-dong-ho/c49726
Đồng hồ và Trang sức,https://tiki.vn/dong-ho-va-trang-suc/c8371,Phụ kiện đồng hồ,https://tiki.vn/phu-kien-dong-ho/c27542,Pin đồng hồ,https://tiki.vn/pin-dong-ho/c49728,49728,https://tiki.vn/pin-dong-ho/c49728
Đồng hồ và Trang sức,https://tiki.vn/dong-ho-va-trang-suc/c8371,Phụ kiện đồng hồ,https://tiki.vn/phu-kien-dong-ho/c27542,Phụ kiện đồng hồ khác,https://tiki.vn/phu-kien-dong-ho-khac/c68159,68159,https://tiki.vn/phu-kien-dong-ho-khac/c68159
Đồng hồ và Trang sức,https://tiki.vn/dong-ho-va-trang-suc/c8371,Trang sức,https://tiki.vn/trang-suc/c8374,Dây chuyền,https://tiki.vn/day-chuyen/c15250,15250,https://tiki.vn/day-chuyen/c15250
Đồng hồ và Trang sức,https://tiki.vn/dong-ho-va-trang-suc/c8371,Trang sức,https://tiki.vn/trang-suc/c8374,Vòng tay,https://tiki.vn/vong-tay/c15318,15318,https://tiki.vn/vong-tay/c15318
Đồng hồ và Trang sức,https://tiki.vn/dong-ho-va-trang-suc/c8371,Trang sức,https://tiki.vn/trang-suc/c8374,Bông tai,https://tiki.vn/bong-tai/c15320,15320,https://tiki.vn/bong-tai/c15320
Đồng hồ và Trang sức,https://tiki.vn/dong-ho-va-trang-suc/c8371,Trang sức,https://tiki.vn/trang-suc/c8374,Nhẫn,https://tiki.vn/nhan/c15236,15236,https://tiki.vn/nhan/c15236
Đồng hồ và Trang sức,https://tiki.vn/dong-ho-va-trang-suc/c8371,Trang sức,https://tiki.vn/trang-suc/c8374,Bộ trang sức,https://tiki.vn/bo-trang-suc/c15936,15936,https://tiki.vn/bo-trang-suc/c15936
Đồng hồ và Trang sức,https://tiki.vn/dong-ho-va-trang-suc/c8371,Trang sức,https://tiki.vn/trang-suc/c8374,Các loại đá quý,https://tiki.vn/cac-loai-da-quy/c68612,68612,https://tiki.vn/cac-loai-da-quy/c68612
Đồng hồ và Trang sức,https://tiki.vn/dong-ho-va-trang-suc/c8371,Trang sức,https://tiki.vn/trang-suc/c8374,Các loại trang sức khác,https://tiki.vn/cac-loai-trang-suc-khac/c68613,68613,https://tiki.vn/cac-loai-trang-suc-khac/c68613
Balo và Vali,https://tiki.vn/balo-va-vali/c6000,,,,,6000,https://tiki.vn/balo-va-vali/c6000
Balo và Vali,https://tiki.vn/balo-va-vali/c6000,Balo,https://tiki.vn/balo/c27608,,,27608,https://tiki.vn/balo/c27608
Balo và Vali,https://tiki.vn/balo-va-vali/c6000,"Balo, cặp, túi chống sốc laptop",https://tiki.vn/balo-cap-tui-chong-soc-laptop/c27612,,,27612,https://tiki.vn/balo-cap-tui-chong-soc-laptop/c27612
Balo và Vali,https://tiki.vn/balo-va-vali/c6000,Túi du lịch và phụ kiện,https://tiki.vn/tui-du-lich-va-phu-kien/c8387,,,8387,https://tiki.vn/tui-du-lich-va-phu-kien/c8387
Balo và Vali,https://tiki.vn/balo-va-vali/c6000,"Vali, phụ kiện vali",https://tiki.vn/vali-phu-kien-vali/c6526,,,6526,https://tiki.vn/vali-phu-kien-vali/c6526
Balo và Vali,https://tiki.vn/balo-va-vali/c6000,Phụ kiện du lịch,https://tiki.vn/phu-kien-du-lich/c68140,,,68140,https://tiki.vn/phu-kien-du-lich/c68140
Balo và Vali,https://tiki.vn/balo-va-vali/c6000,Balo,https://tiki.vn/balo/c27608,Balo thời trang,https://tiki.vn/balo-thoi-trang/c6522,6522,https://tiki.vn/balo-thoi-trang/c6522
Balo và Vali,https://tiki.vn/balo-va-vali/c6000,Balo,https://tiki.vn/balo/c27608,Balo laptop,https://tiki.vn/balo-laptop/c6521,6521,https://tiki.vn/balo-laptop/c6521
Balo và Vali,https://tiki.vn/balo-va-vali/c6000,Balo,https://tiki.vn/balo/c27608,Balo dây rút,https://tiki.vn/balo-day-rut/c27610,27610,https://tiki.vn/balo-day-rut/c27610
Balo và Vali,https://tiki.vn/balo-va-vali/c6000,Balo,https://tiki.vn/balo/c27608,Balo chống nước,https://tiki.vn/balo-chong-nuoc/c67134,67134,https://tiki.vn/balo-chong-nuoc/c67134
Balo và Vali,https://tiki.vn/balo-va-vali/c6000,Balo,https://tiki.vn/balo/c27608,Balo & túi chống sốc,https://tiki.vn/balo-tui-chong-soc/c68147,68147,https://tiki.vn/balo-tui-chong-soc/c68147
Balo và Vali,https://tiki.vn/balo-va-vali/c6000,"Balo, cặp, túi chống sốc laptop",https://tiki.vn/balo-cap-tui-chong-soc-laptop/c27612,Cặp đựng laptop,https://tiki.vn/cap-laptop/c6524,6524,https://tiki.vn/cap-laptop/c6524
Balo và Vali,https://tiki.vn/balo-va-vali/c6000,Túi du lịch và phụ kiện,https://tiki.vn/tui-du-lich-va-phu-kien/c8387,"Balo du lịch, phượt",https://tiki.vn/balo-du-lich-phuot/c6523,6523,https://tiki.vn/balo-du-lich-phuot/c6523
Balo và Vali,https://tiki.vn/balo-va-vali/c6000,Túi du lịch và phụ kiện,https://tiki.vn/tui-du-lich-va-phu-kien/c8387,Túi trống,https://tiki.vn/tui-trong/c7566,7566,https://tiki.vn/tui-trong/c7566
Balo và Vali,https://tiki.vn/balo-va-vali/c6000,Túi du lịch và phụ kiện,https://tiki.vn/tui-du-lich-va-phu-kien/c8387,Ví passport,https://tiki.vn/vi-passport/c8388,8388,https://tiki.vn/vi-passport/c8388
Balo và Vali,https://tiki.vn/balo-va-vali/c6000,"Vali, phụ kiện vali",https://tiki.vn/vali-phu-kien-vali/c6526,Vali nhựa,https://tiki.vn/vali-nhua/c49656,49656,https://tiki.vn/vali-nhua/c49656
Balo và Vali,https://tiki.vn/balo-va-vali/c6000,"Vali, phụ kiện vali",https://tiki.vn/vali-phu-kien-vali/c6526,Vali vải,https://tiki.vn/vali-vai/c49658,49658,https://tiki.vn/vali-vai/c49658
Balo và Vali,https://tiki.vn/balo-va-vali/c6000,"Vali, phụ kiện vali",https://tiki.vn/vali-phu-kien-vali/c6526,Phụ kiện vali,https://tiki.vn/phu-kien-vali/c8390,8390,https://tiki.vn/phu-kien-vali/c8390
Balo và Vali,https://tiki.vn/balo-va-vali/c6000,Phụ kiện du lịch,https://tiki.vn/phu-kien-du-lich/c68140,Gối du lịch,https://tiki.vn/goi-du-lich/c68143,68143,https://tiki.vn/goi-du-lich/c68143
Balo và Vali,https://tiki.vn/balo-va-vali/c6000,Phụ kiện du lịch,https://tiki.vn/phu-kien-du-lich/c68140,Phụ kiện du lịch khác,https://tiki.vn/phu-kien-du-lich-khac/c68144,68144,https://tiki.vn/phu-kien-du-lich-khac/c68144
Balo và Vali,https://tiki.vn/balo-va-vali/c6000,Phụ kiện du lịch,https://tiki.vn/phu-kien-du-lich/c68140,Túi đựng mỹ phẩm,https://tiki.vn/tui-dung-my-pham/c68146,68146,https://tiki.vn/tui-dung-my-pham/c68146
Balo và Vali,https://tiki.vn/balo-va-vali/c6000,Phụ kiện du lịch,https://tiki.vn/phu-kien-du-lich/c68140,Phụ kiện du lịch khác,https://tiki.vn/phu-kien-du-lich-khac/c8391,8391,https://tiki.vn/phu-kien-du-lich-khac/c8391
Voucher - Dịch vụ,https://tiki.vn/voucher-dich-vu/c11312,,,,,11312,https://tiki.vn/voucher-dich-vu/c11312
Voucher - Dịch vụ,https://tiki.vn/voucher-dich-vu/c11312,Nhà hàng - Ăn uống,https://tiki.vn/nha-hang-an-uong/c11313,,,11313,https://tiki.vn/nha-hang-an-uong/c11313
Voucher - Dịch vụ,https://tiki.vn/voucher-dich-vu/c11312,Spa & Làm đẹp,https://tiki.vn/spa-lam-dep/c11322,,,11322,https://tiki.vn/spa-lam-dep/c11322
Voucher - Dịch vụ,https://tiki.vn/voucher-dich-vu/c11312,Sự kiện - Giải trí,https://tiki.vn/su-kien-giai-tri/c11327,,,11327,https://tiki.vn/su-kien-giai-tri/c11327
Voucher - Dịch vụ,https://tiki.vn/voucher-dich-vu/c11312,Khóa học,https://tiki.vn/khoa-hoc/c11332,,,11332,https://tiki.vn/khoa-hoc/c11332
Voucher - Dịch vụ,https://tiki.vn/voucher-dich-vu/c11312,Dịch vụ khác,https://tiki.vn/dich-vu-khac/c11334,,,11334,https://tiki.vn/dich-vu-khac/c11334
Voucher - Dịch vụ,https://tiki.vn/voucher-dich-vu/c11312,Key điện tử,https://tiki.vn/key-dien-tu/c69482,,,69482,https://tiki.vn/key-dien-tu/c69482
Voucher - Dịch vụ,https://tiki.vn/voucher-dich-vu/c11312,Nhà hàng - Ăn uống,https://tiki.vn/nha-hang-an-uong/c11313,Buffet,https://tiki.vn/buffet/c11314,11314,https://tiki.vn/buffet/c11314
Voucher - Dịch vụ,https://tiki.vn/voucher-dich-vu/c11312,Nhà hàng - Ăn uống,https://tiki.vn/nha-hang-an-uong/c11313,Nhà hàng - Quán ăn,https://tiki.vn/nha-hang-quan-an/c11316,11316,https://tiki.vn/nha-hang-quan-an/c11316
Voucher - Dịch vụ,https://tiki.vn/voucher-dich-vu/c11312,Nhà hàng - Ăn uống,https://tiki.vn/nha-hang-an-uong/c11313,Cafe - Kem - Bánh,https://tiki.vn/cafe-kem-banh/c11317,11317,https://tiki.vn/cafe-kem-banh/c11317
Voucher - Dịch vụ,https://tiki.vn/voucher-dich-vu/c11312,Nhà hàng - Ăn uống,https://tiki.vn/nha-hang-an-uong/c11313,Nhà hàng,https://tiki.vn/nha-hang/c24390,24390,https://tiki.vn/nha-hang/c24390
Voucher - Dịch vụ,https://tiki.vn/voucher-dich-vu/c11312,Spa & Làm đẹp,https://tiki.vn/spa-lam-dep/c11322,Spa - Thẩm mỹ viện,https://tiki.vn/spa-tham-my-vien/c11323,11323,https://tiki.vn/spa-tham-my-vien/c11323
Voucher - Dịch vụ,https://tiki.vn/voucher-dich-vu/c11312,Spa & Làm đẹp,https://tiki.vn/spa-lam-dep/c11322,Salon làm đẹp,https://tiki.vn/salon-lam-dep/c11325,11325,https://tiki.vn/salon-lam-dep/c11325
Voucher - Dịch vụ,https://tiki.vn/voucher-dich-vu/c11312,Spa & Làm đẹp,https://tiki.vn/spa-lam-dep/c11322,Dịch vụ chăm sóc da mặt,https://tiki.vn/dich-vu-cham-soc-da-mat/c24396,24396,https://tiki.vn/dich-vu-cham-soc-da-mat/c24396
Voucher - Dịch vụ,https://tiki.vn/voucher-dich-vu/c11312,Spa & Làm đẹp,https://tiki.vn/spa-lam-dep/c11322,Massage Body - Foot,https://tiki.vn/massage-body-foot/c24398,24398,https://tiki.vn/massage-body-foot/c24398
Voucher - Dịch vụ,https://tiki.vn/voucher-dich-vu/c11312,Sự kiện - Giải trí,https://tiki.vn/su-kien-giai-tri/c11327,Vui chơi - Giải trí,https://tiki.vn/vui-choi-giai-tri/c11329,11329,https://tiki.vn/vui-choi-giai-tri/c11329
Voucher - Dịch vụ,https://tiki.vn/voucher-dich-vu/c11312,Khóa học,https://tiki.vn/khoa-hoc/c11332,Khóa học online,https://tiki.vn/khoa-hoc-online/c12744,12744,https://tiki.vn/khoa-hoc-online/c12744
Túi thời trang nữ,https://tiki.vn/tui-vi-nu/c976,,,,,976,https://tiki.vn/tui-vi-nu/c976
Túi thời trang nữ,https://tiki.vn/tui-vi-nu/c976,Túi tote nữ,https://tiki.vn/tui-deo-vai-nu/c4559,,,4559,https://tiki.vn/tui-deo-vai-nu/c4559
Túi thời trang nữ,https://tiki.vn/tui-vi-nu/c976,"Túi đeo chéo, túi đeo vai nữ",https://tiki.vn/tui-deo-cheo-tui-deo-vai-nu/c4558,,,4558,https://tiki.vn/tui-deo-cheo-tui-deo-vai-nu/c4558
Túi thời trang nữ,https://tiki.vn/tui-vi-nu/c976,Túi xách tay nữ,https://tiki.vn/tui-cam-tay-nu/c4560,,,4560,https://tiki.vn/tui-cam-tay-nu/c4560
Túi thời trang nữ,https://tiki.vn/tui-vi-nu/c976,Ví nữ,https://tiki.vn/vi-bop-nu/c4561,,,4561,https://tiki.vn/vi-bop-nu/c4561
Túi thời trang nữ,https://tiki.vn/tui-vi-nu/c976,Ví đi tiệc,https://tiki.vn/vi-di-tiec/c8350,,,8350,https://tiki.vn/vi-di-tiec/c8350
Túi thời trang nữ,https://tiki.vn/tui-vi-nu/c976,Phụ kiện túi,https://tiki.vn/phu-kien-tui/c8352,,,8352,https://tiki.vn/phu-kien-tui/c8352
Túi thời trang nữ,https://tiki.vn/tui-vi-nu/c976,Túi tote nữ,https://tiki.vn/tui-deo-vai-nu/c4559,Túi tote có khóa,https://tiki.vn/tui-tote-co-khoa/c49608,49608,https://tiki.vn/tui-tote-co-khoa/c49608
Túi thời trang nữ,https://tiki.vn/tui-vi-nu/c976,Túi tote nữ,https://tiki.vn/tui-deo-vai-nu/c4559,Túi tote không khóa,https://tiki.vn/tui-tote-khong-khoa/c49610,49610,https://tiki.vn/tui-tote-khong-khoa/c49610
Túi thời trang nữ,https://tiki.vn/tui-vi-nu/c976,"Túi đeo chéo, túi đeo vai nữ",https://tiki.vn/tui-deo-cheo-tui-deo-vai-nu/c4558,Túi đeo chéo công sở,https://tiki.vn/tui-deo-cheo-cong-so/c49596,49596,https://tiki.vn/tui-deo-cheo-cong-so/c49596
Túi thời trang nữ,https://tiki.vn/tui-vi-nu/c976,"Túi đeo chéo, túi đeo vai nữ",https://tiki.vn/tui-deo-cheo-tui-deo-vai-nu/c4558,Túi đeo chéo dạo phố,https://tiki.vn/tui-deo-cheo-dao-pho/c49598,49598,https://tiki.vn/tui-deo-cheo-dao-pho/c49598
Túi thời trang nữ,https://tiki.vn/tui-vi-nu/c976,Túi xách tay nữ,https://tiki.vn/tui-cam-tay-nu/c4560,Túi xách to bản,https://tiki.vn/tui-xach-to-ban/c49600,49600,https://tiki.vn/tui-xach-to-ban/c49600
Túi thời trang nữ,https://tiki.vn/tui-vi-nu/c976,Túi xách tay nữ,https://tiki.vn/tui-cam-tay-nu/c4560,Túi xách vừa và nhỏ,https://tiki.vn/tui-xach-vua-va-nho/c49602,49602,https://tiki.vn/tui-xach-vua-va-nho/c49602
Túi thời trang nữ,https://tiki.vn/tui-vi-nu/c976,Ví nữ,https://tiki.vn/vi-bop-nu/c4561,Ví ngắn,https://tiki.vn/vi-ngan/c49604,49604,https://tiki.vn/vi-ngan/c49604
Túi thời trang nữ,https://tiki.vn/tui-vi-nu/c976,Ví nữ,https://tiki.vn/vi-bop-nu/c4561,Ví dài,https://tiki.vn/vi-dai/c49606,49606,https://tiki.vn/vi-dai/c49606
Túi thời trang nữ,https://tiki.vn/tui-vi-nu/c976,Ví đi tiệc,https://tiki.vn/vi-di-tiec/c8350,Clutch ánh kim,https://tiki.vn/clutch-anh-kim/c49612,49612,https://tiki.vn/clutch-anh-kim/c49612
Túi thời trang nữ,https://tiki.vn/tui-vi-nu/c976,Ví đi tiệc,https://tiki.vn/vi-di-tiec/c8350,Clutch da,https://tiki.vn/clutch-da/c49614,49614,https://tiki.vn/clutch-da/c49614
Túi thời trang nữ,https://tiki.vn/tui-vi-nu/c976,Phụ kiện túi,https://tiki.vn/phu-kien-tui/c8352,"Dây, quai đeo túi",https://tiki.vn/day-quai-deo-tui/c49616,49616,https://tiki.vn/day-quai-deo-tui/c49616
Túi thời trang nữ,https://tiki.vn/tui-vi-nu/c976,Phụ kiện túi,https://tiki.vn/phu-kien-tui/c8352,Phụ kiện cài túi,https://tiki.vn/phu-kien-cai-tui/c49618,49618,https://tiki.vn/phu-kien-cai-tui/c49618
Túi thời trang nam,https://tiki.vn/tui-thoi-trang-nam/c27616,,,,,27616,https://tiki.vn/tui-thoi-trang-nam/c27616
Túi thời trang nam,https://tiki.vn/tui-thoi-trang-nam/c27616,Túi xách công sở nam,https://tiki.vn/tui-xach-cong-so-nam/c5337,,,5337,https://tiki.vn/tui-xach-cong-so-nam/c5337
Túi thời trang nam,https://tiki.vn/tui-thoi-trang-nam/c27616,Túi đeo chéo nam,https://tiki.vn/phu-kien-nam-tui-xach/c958,,,958,https://tiki.vn/phu-kien-nam-tui-xach/c958
Túi thời trang nam,https://tiki.vn/tui-thoi-trang-nam/c27616,"Túi bao tử, túi đeo bụng",https://tiki.vn/tui-bao-tu-tui-deo-bung/c49650,,,49650,https://tiki.vn/tui-bao-tu-tui-deo-bung/c49650
Túi thời trang nam,https://tiki.vn/tui-thoi-trang-nam/c27616,Ví nam,https://tiki.vn/vi-nam/c959,,,959,https://tiki.vn/vi-nam/c959
Túi thời trang nam,https://tiki.vn/tui-thoi-trang-nam/c27616,Ví nam,https://tiki.vn/vi-nam/c959,Ví nam ngang,https://tiki.vn/vi-nam-ngang/c49652,49652,https://tiki.vn/vi-nam-ngang/c49652
Túi thời trang nam,https://tiki.vn/tui-thoi-trang-nam/c27616,Ví nam,https://tiki.vn/vi-nam/c959,Ví nam đứng,https://tiki.vn/vi-nam-dung/c49654,49654,https://tiki.vn/vi-nam-dung/c49654
Chăm sóc nhà cửa,https://tiki.vn/cham-soc-nha-cua/c15078,,,,,15078,https://tiki.vn/cham-soc-nha-cua/c15078
Chăm sóc nhà cửa,https://tiki.vn/cham-soc-nha-cua/c15078,Vệ sinh nhà cửa,https://tiki.vn/cham-soc-ve-sinh-nha-cua/c4386,,,4386,https://tiki.vn/cham-soc-ve-sinh-nha-cua/c4386
Chăm sóc nhà cửa,https://tiki.vn/cham-soc-nha-cua/c15078,Vệ sinh nhà bếp,https://tiki.vn/ve-sinh-bep-va-nha-bep/c4399,,,4399,https://tiki.vn/ve-sinh-bep-va-nha-bep/c4399
Chăm sóc nhà cửa,https://tiki.vn/cham-soc-nha-cua/c15078,Vệ sinh nhà tắm,https://tiki.vn/ve-sinh-nha-tam/c4400,,,4400,https://tiki.vn/ve-sinh-nha-tam/c4400
Chăm sóc nhà cửa,https://tiki.vn/cham-soc-nha-cua/c15078,Giấy vệ sinh và giấy ăn,https://tiki.vn/giay-ve-sinh-va-giay-an/c4388,,,4388,https://tiki.vn/giay-ve-sinh-va-giay-an/c4388
Chăm sóc nhà cửa,https://tiki.vn/cham-soc-nha-cua/c15078,Giặt giũ & Chăm sóc quần áo,https://tiki.vn/giat-giu-cham-soc-quan-ao/c4387,,,4387,https://tiki.vn/giat-giu-cham-soc-quan-ao/c4387
Chăm sóc nhà cửa,https://tiki.vn/cham-soc-nha-cua/c15078,Diệt côn trùng,https://tiki.vn/diet-con-trung/c4441,,,4441,https://tiki.vn/diet-con-trung/c4441
Chăm sóc nhà cửa,https://tiki.vn/cham-soc-nha-cua/c15078,Vệ sinh nhà cửa,https://tiki.vn/cham-soc-ve-sinh-nha-cua/c4386,"Khử mùi, sáp thơm",https://tiki.vn/khu-mui-sap-thom/c8295,8295,https://tiki.vn/khu-mui-sap-thom/c8295
Chăm sóc nhà cửa,https://tiki.vn/cham-soc-nha-cua/c15078,Vệ sinh nhà bếp,https://tiki.vn/ve-sinh-bep-va-nha-bep/c4399,Nước lau sàn,https://tiki.vn/nuoc-lau-san/c4398,4398,https://tiki.vn/nuoc-lau-san/c4398
Chăm sóc nhà cửa,https://tiki.vn/cham-soc-nha-cua/c15078,Vệ sinh nhà bếp,https://tiki.vn/ve-sinh-bep-va-nha-bep/c4399,Sản phẩm tẩy đa năng,https://tiki.vn/san-pham-tay-da-nang/c10237,10237,https://tiki.vn/san-pham-tay-da-nang/c10237
Chăm sóc nhà cửa,https://tiki.vn/cham-soc-nha-cua/c15078,Vệ sinh nhà tắm,https://tiki.vn/ve-sinh-nha-tam/c4400,Bộ sản phẩm vệ sinh nhà cửa,https://tiki.vn/bo-san-pham-ve-sinh-nha-cua/c10238,10238,https://tiki.vn/bo-san-pham-ve-sinh-nha-cua/c10238
Chăm sóc nhà cửa,https://tiki.vn/cham-soc-nha-cua/c15078,Vệ sinh nhà tắm,https://tiki.vn/ve-sinh-nha-tam/c4400,Dụng cụ vệ sinh,https://tiki.vn/dung-cu-ve-sinh/c68154,68154,https://tiki.vn/dung-cu-ve-sinh/c68154
Chăm sóc nhà cửa,https://tiki.vn/cham-soc-nha-cua/c15078,Giấy vệ sinh và giấy ăn,https://tiki.vn/giay-ve-sinh-va-giay-an/c4388,Khăn giấy khô,https://tiki.vn/khan-giay-kho/c4407,4407,https://tiki.vn/khan-giay-kho/c4407
Chăm sóc nhà cửa,https://tiki.vn/cham-soc-nha-cua/c15078,Giấy vệ sinh và giấy ăn,https://tiki.vn/giay-ve-sinh-va-giay-an/c4388,Giấy vệ sinh,https://tiki.vn/giay-ve-sinh/c4409,4409,https://tiki.vn/giay-ve-sinh/c4409
Chăm sóc nhà cửa,https://tiki.vn/cham-soc-nha-cua/c15078,Giấy vệ sinh và giấy ăn,https://tiki.vn/giay-ve-sinh-va-giay-an/c4388,Khăn ăn,https://tiki.vn/khan-an/c4406,4406,https://tiki.vn/khan-an/c4406
Chăm sóc nhà cửa,https://tiki.vn/cham-soc-nha-cua/c15078,Giấy vệ sinh và giấy ăn,https://tiki.vn/giay-ve-sinh-va-giay-an/c4388,Khăn giấy bếp,https://tiki.vn/khan-giay-bep/c68142,68142,https://tiki.vn/khan-giay-bep/c68142
Chăm sóc nhà cửa,https://tiki.vn/cham-soc-nha-cua/c15078,Giặt giũ & Chăm sóc quần áo,https://tiki.vn/giat-giu-cham-soc-quan-ao/c4387,Bột giặt,https://tiki.vn/bot-giat-nuoc-giat/c4402,4402,https://tiki.vn/bot-giat-nuoc-giat/c4402
Chăm sóc nhà cửa,https://tiki.vn/cham-soc-nha-cua/c15078,Giặt giũ & Chăm sóc quần áo,https://tiki.vn/giat-giu-cham-soc-quan-ao/c4387,Nước giặt,https://tiki.vn/nuoc-giat/c8239,8239,https://tiki.vn/nuoc-giat/c8239
Chăm sóc nhà cửa,https://tiki.vn/cham-soc-nha-cua/c15078,Giặt giũ & Chăm sóc quần áo,https://tiki.vn/giat-giu-cham-soc-quan-ao/c4387,Nước xả vải,https://tiki.vn/nuoc-xa-vai/c4403,4403,https://tiki.vn/nuoc-xa-vai/c4403
Chăm sóc nhà cửa,https://tiki.vn/cham-soc-nha-cua/c15078,Giặt giũ & Chăm sóc quần áo,https://tiki.vn/giat-giu-cham-soc-quan-ao/c4387,Nước ủi quần áo,https://tiki.vn/nuoc-ui-quan-ao/c4404,4404,https://tiki.vn/nuoc-ui-quan-ao/c4404
Chăm sóc nhà cửa,https://tiki.vn/cham-soc-nha-cua/c15078,Giặt giũ & Chăm sóc quần áo,https://tiki.vn/giat-giu-cham-soc-quan-ao/c4387,Sản phẩm chăm sóc áo quần khác,https://tiki.vn/san-pham-cham-soc-ao-quan-khac/c4405,4405,https://tiki.vn/san-pham-cham-soc-ao-quan-khac/c4405
Chăm sóc nhà cửa,https://tiki.vn/cham-soc-nha-cua/c15078,Giặt giũ & Chăm sóc quần áo,https://tiki.vn/giat-giu-cham-soc-quan-ao/c4387,Bộ sản phẩm chăm sóc quần áo,https://tiki.vn/bo-san-pham-cham-soc-quan-ao/c10231,10231,https://tiki.vn/bo-san-pham-cham-soc-quan-ao/c10231
Chăm sóc nhà cửa,https://tiki.vn/cham-soc-nha-cua/c15078,Diệt côn trùng,https://tiki.vn/diet-con-trung/c4441,Diệt côn trùng dạng bột,https://tiki.vn/diet-con-trung-dang-bot/c68132,68132,https://tiki.vn/diet-con-trung-dang-bot/c68132
Chăm sóc nhà cửa,https://tiki.vn/cham-soc-nha-cua/c15078,Diệt côn trùng,https://tiki.vn/diet-con-trung/c4441,Diệt côn trùng dạng nhang đốt,https://tiki.vn/diet-con-trung-dang-nhang-dot/c68133,68133,https://tiki.vn/diet-con-trung-dang-nhang-dot/c68133
Chăm sóc nhà cửa,https://tiki.vn/cham-soc-nha-cua/c15078,Diệt côn trùng,https://tiki.vn/diet-con-trung/c4441,Diệt côn trùng dạng nước và tinh dầu,https://tiki.vn/diet-con-trung-dang-nuoc-va-tinh-dau/c68137,68137,https://tiki.vn/diet-con-trung-dang-nuoc-va-tinh-dau/c68137
Chăm sóc nhà cửa,https://tiki.vn/cham-soc-nha-cua/c15078,Diệt côn trùng,https://tiki.vn/diet-con-trung/c4441,Diệt côn trùng dạng sáp và viên nén,https://tiki.vn/diet-con-trung-dang-sap-va-vien-nen/c68138,68138,https://tiki.vn/diet-con-trung-dang-sap-va-vien-nen/c68138
Chăm sóc nhà cửa,https://tiki.vn/cham-soc-nha-cua/c15078,Diệt côn trùng,https://tiki.vn/diet-con-trung/c4441,Diệt côn trùng dạng xịt,https://tiki.vn/diet-con-trung-dang-xit/c68139,68139,https://tiki.vn/diet-con-trung-dang-xit/c68139
